"U:0","U:1","U:2","k","nut","p","vtkValidPointMask","arc_length","Points:0","Points:1","Points:2"
1,1.9299e-14,3.0419e-16,0.0037666,0.0032894,0.96805,1,0,0,0,0
1.0001,1.9301e-14,3.0423e-16,0.003735,0.0032869,0.96798,1,0.124,0.124,0,0
1.0002,1.9303e-14,3.0426e-16,0.0037034,0.0032844,0.9679,1,0.248,0.248,0,0
1.0005,1.9308e-14,3.0433e-16,0.0036651,0.0032812,0.96769,1,0.372,0.372,0,0
1.0008,1.9315e-14,3.0444e-16,0.003622,0.0032776,0.96737,1,0.496,0.496,0,0
1.0012,1.9322e-14,3.0455e-16,0.0035793,0.003274,0.96701,1,0.62,0.62,0,0
1.0018,1.9333e-14,3.0472e-16,0.0035388,0.0032708,0.96643,1,0.744,0.744,0,0
1.0023,1.9343e-14,3.0488e-16,0.0034982,0.0032676,0.96586,1,0.868,0.868,0,0
1.0029,1.9355e-14,3.0507e-16,0.0034592,0.0032643,0.96522,1,0.992,0.992,0,0
1.0036,1.9367e-14,3.0527e-16,0.0034207,0.0032611,0.96455,1,1.116,1.116,0,0
1.0042,1.938e-14,3.0546e-16,0.0033829,0.0032578,0.96388,1,1.24,1.24,0,0
1.0049,1.9393e-14,3.0567e-16,0.0033464,0.0032546,0.96319,1,1.364,1.364,0,0
1.0055,1.9406e-14,3.0587e-16,0.0033098,0.0032514,0.9625,1,1.488,1.488,0,0
1.0063,1.9419e-14,3.0609e-16,0.0032751,0.0032485,0.9618,1,1.612,1.612,0,0
1.007,1.9433e-14,3.063e-16,0.0032406,0.0032455,0.9611,1,1.736,1.736,0,0
1.0077,1.9447e-14,3.0652e-16,0.0032068,0.0032425,0.96038,1,1.86,1.86,0,0
1.0084,1.9462e-14,3.0675e-16,0.0031738,0.0032393,0.95965,1,1.984,1.984,0,0
1.0092,1.9476e-14,3.0698e-16,0.003141,0.0032361,0.95892,1,2.108,2.108,0,0
1.01,1.9491e-14,3.0721e-16,0.0031097,0.0032332,0.95816,1,2.232,2.232,0,0
1.0107,1.9506e-14,3.0745e-16,0.0030785,0.0032303,0.95739,1,2.356,2.356,0,0
1.0115,1.9521e-14,3.0769e-16,0.0030481,0.0032273,0.95659,1,2.48,2.48,0,0
1.0123,1.9537e-14,3.0794e-16,0.0030183,0.0032242,0.95578,1,2.604,2.604,0,0
1.0131,1.9552e-14,3.0818e-16,0.0029887,0.003221,0.95496,1,2.728,2.728,0,0
1.014,1.9568e-14,3.0843e-16,0.0029602,0.0032179,0.95411,1,2.852,2.852,0,0
1.0148,1.9584e-14,3.0869e-16,0.0029317,0.0032148,0.95326,1,2.976,2.976,0,0
1.0156,1.9601e-14,3.0895e-16,0.0029043,0.0032117,0.95239,1,3.1,3.1,0,0
1.0165,1.9617e-14,3.0921e-16,0.0028771,0.0032085,0.95151,1,3.224,3.224,0,0
1.0174,1.9634e-14,3.0947e-16,0.0028503,0.0032053,0.95064,1,3.348,3.348,0,0
1.0182,1.9651e-14,3.0973e-16,0.0028242,0.0032019,0.94975,1,3.472,3.472,0,0
1.0191,1.9667e-14,3.1e-16,0.002798,0.0031985,0.94887,1,3.596,3.596,0,0
1.02,1.9684e-14,3.1026e-16,0.002773,0.0031952,0.94799,1,3.72,3.72,0,0
1.0209,1.9701e-14,3.1053e-16,0.0027481,0.0031918,0.94711,1,3.844,3.844,0,0
1.0217,1.9718e-14,3.108e-16,0.0027237,0.0031884,0.94623,1,3.968,3.968,0,0
1.0226,1.9735e-14,3.1106e-16,0.0026997,0.0031848,0.94536,1,4.092,4.092,0,0
1.0235,1.9752e-14,3.1133e-16,0.0026759,0.0031812,0.94448,1,4.216,4.216,0,0
1.0244,1.9769e-14,3.116e-16,0.0026529,0.0031776,0.9436,1,4.34,4.34,0,0
1.0253,1.9786e-14,3.1187e-16,0.0026299,0.003174,0.94272,1,4.464,4.464,0,0
1.0262,1.9804e-14,3.1214e-16,0.0026075,0.0031702,0.94183,1,4.588,4.588,0,0
1.0271,1.9821e-14,3.1242e-16,0.0025854,0.0031664,0.94094,1,4.712,4.712,0,0
1.028,1.9838e-14,3.1269e-16,0.0025636,0.0031626,0.94004,1,4.836,4.836,0,0
1.0289,1.9856e-14,3.1296e-16,0.0025424,0.0031588,0.93913,1,4.96,4.96,0,0
1.0298,1.9873e-14,3.1324e-16,0.0025212,0.0031551,0.93822,1,5.084,5.084,0,0
1.0307,1.9891e-14,3.1352e-16,0.0025006,0.0031509,0.9373,1,5.208,5.208,0,0
1.0316,1.9908e-14,3.138e-16,0.0024801,0.0031467,0.93638,1,5.332,5.332,0,0
1.0325,1.9926e-14,3.1408e-16,0.00246,0.0031426,0.93545,1,5.456,5.456,0,0
1.0334,1.9944e-14,3.1436e-16,0.0024404,0.0031386,0.93451,1,5.58,5.58,0,0
1.0344,1.9962e-14,3.1464e-16,0.0024208,0.0031345,0.93358,1,5.704,5.704,0,0
1.0353,1.998e-14,3.1492e-16,0.0024017,0.0031301,0.93263,1,5.828,5.828,0,0
1.0362,1.9998e-14,3.1521e-16,0.0023827,0.0031257,0.93167,1,5.952,5.952,0,0
1.0372,2.0016e-14,3.1549e-16,0.0023642,0.0031213,0.93072,1,6.076,6.076,0,0
1.0381,2.0034e-14,3.1578e-16,0.0023459,0.0031169,0.92975,1,6.2,6.2,0,0
1.0391,2.0052e-14,3.1606e-16,0.0023278,0.0031124,0.92879,1,6.324,6.324,0,0
1.04,2.0071e-14,3.1635e-16,0.0023101,0.0031079,0.92783,1,6.448,6.448,0,0
1.0409,2.0089e-14,3.1664e-16,0.0022925,0.0031033,0.92686,1,6.572,6.572,0,0
1.0419,2.0107e-14,3.1692e-16,0.0022752,0.0030985,0.92591,1,6.696,6.696,0,0
1.0428,2.0125e-14,3.1721e-16,0.0022582,0.0030936,0.92496,1,6.82,6.82,0,0
1.0438,2.0143e-14,3.175e-16,0.0022412,0.0030886,0.92401,1,6.944,6.944,0,0
1.0447,2.0161e-14,3.1778e-16,0.0022245,0.0030832,0.92308,1,7.068,7.068,0,0
1.0456,2.0179e-14,3.1806e-16,0.0022077,0.0030778,0.92214,1,7.192,7.192,0,0
1.0466,2.0197e-14,3.1835e-16,0.0021912,0.0030717,0.92121,1,7.316,7.316,0,0
1.0475,2.0215e-14,3.1863e-16,0.0021748,0.0030656,0.92028,1,7.44,7.44,0,0
1.0484,2.0233e-14,3.1891e-16,0.0021584,0.0030591,0.91935,1,7.564,7.564,0,0
1.0493,2.0251e-14,3.1919e-16,0.0021421,0.0030522,0.91842,1,7.688,7.688,0,0
1.0503,2.0269e-14,3.1948e-16,0.0021259,0.0030452,0.91749,1,7.812,7.812,0,0
1.0512,2.0287e-14,3.1976e-16,0.0021096,0.0030371,0.91656,1,7.936,7.936,0,0
1.0521,2.0305e-14,3.2004e-16,0.0020934,0.003029,0.91563,1,8.06,8.06,0,0
1.053,2.0322e-14,3.2032e-16,0.0020773,0.0030206,0.91471,1,8.184,8.184,0,0
1.054,2.034e-14,3.206e-16,0.0020614,0.003012,0.91378,1,8.308,8.308,0,0
1.0549,2.0358e-14,3.2088e-16,0.0020455,0.003003,0.91286,1,8.432,8.432,0,0
1.0558,2.0376e-14,3.2116e-16,0.0020295,0.002993,0.91194,1,8.556,8.556,0,0
1.0567,2.0393e-14,3.2144e-16,0.0020136,0.002983,0.91103,1,8.68,8.68,0,0
1.0576,2.0411e-14,3.2172e-16,0.0019981,0.002973,0.9101,1,8.804,8.804,0,0
1.0586,2.0429e-14,3.22e-16,0.0019827,0.0029629,0.90918,1,8.928,8.928,0,0
1.0595,2.0447e-14,3.2228e-16,0.0019673,0.0029521,0.90825,1,9.052,9.052,0,0
1.0604,2.0464e-14,3.2256e-16,0.001952,0.0029404,0.90731,1,9.176,9.176,0,0
1.0613,2.0482e-14,3.2284e-16,0.0019366,0.0029287,0.90638,1,9.3,9.3,0,0
1.0622,2.05e-14,3.2312e-16,0.0019217,0.0029164,0.90545,1,9.424,9.424,0,0
1.0632,2.0517e-14,3.234e-16,0.0019067,0.0029041,0.90452,1,9.548,9.548,0,0
1.0641,2.0535e-14,3.2367e-16,0.0018919,0.0028909,0.90359,1,9.672,9.672,0,0
1.065,2.0553e-14,3.2395e-16,0.001877,0.0028771,0.90266,1,9.796,9.796,0,0
1.0659,2.057e-14,3.2423e-16,0.0018622,0.0028629,0.90173,1,9.92,9.92,0,0
1.0668,2.0588e-14,3.245e-16,0.0018474,0.0028472,0.90081,1,10.044,10.044,0,0
1.0677,2.0605e-14,3.2477e-16,0.0018326,0.0028315,0.89989,1,10.168,10.168,0,0
1.0686,2.0622e-14,3.2505e-16,0.0018181,0.0028155,0.89897,1,10.292,10.292,0,0
1.0695,2.064e-14,3.2532e-16,0.0018037,0.0027994,0.89805,1,10.416,10.416,0,0
1.0704,2.0657e-14,3.256e-16,0.0017893,0.0027825,0.89713,1,10.54,10.54,0,0
1.0713,2.0674e-14,3.2587e-16,0.0017747,0.002764,0.89622,1,10.664,10.664,0,0
1.0722,2.0692e-14,3.2614e-16,0.0017601,0.0027454,0.89531,1,10.788,10.788,0,0
1.0731,2.0709e-14,3.2641e-16,0.0017464,0.0027279,0.89441,1,10.912,10.912,0,0
1.0739,2.0726e-14,3.2668e-16,0.0017327,0.0027106,0.8935,1,11.036,11.036,0,0
1.0748,2.0743e-14,3.2694e-16,0.0017192,0.0026933,0.89261,1,11.16,11.16,0,0
1.0757,2.0759e-14,3.2721e-16,0.0017061,0.0026758,0.89171,1,11.284,11.284,0,0
1.0766,2.0776e-14,3.2747e-16,0.0016929,0.0026583,0.89082,1,11.408,11.408,0,0
1.0774,2.0793e-14,3.2774e-16,0.0016801,0.0026406,0.88993,1,11.532,11.532,0,0
1.0783,2.081e-14,3.28e-16,0.0016673,0.0026229,0.88904,1,11.656,11.656,0,0
1.0792,2.0826e-14,3.2826e-16,0.0016553,0.0026071,0.88816,1,11.78,11.78,0,0
1.08,2.0843e-14,3.2852e-16,0.0016437,0.0025924,0.88728,1,11.904,11.904,0,0
1.0809,2.0859e-14,3.2878e-16,0.0016321,0.0025774,0.8864,1,12.028,12.028,0,0
1.0817,2.0876e-14,3.2904e-16,0.0016206,0.0025617,0.88554,1,12.152,12.152,0,0
1.0826,2.0892e-14,3.293e-16,0.0016091,0.0025459,0.88467,1,12.276,12.276,0,0
1.0834,2.0908e-14,3.2955e-16,0.0015982,0.0025312,0.88382,1,12.4,12.4,0,0
1.0842,2.0924e-14,3.2981e-16,0.0015874,0.0025168,0.88298,1,12.524,12.524,0,0
1.0851,2.094e-14,3.3006e-16,0.0015771,0.0025032,0.88213,1,12.648,12.648,0,0
1.0859,2.0956e-14,3.3031e-16,0.0015675,0.002491,0.88129,1,12.772,12.772,0,0
1.0867,2.0972e-14,3.3056e-16,0.0015578,0.0024788,0.88045,1,12.896,12.896,0,0
1.0875,2.0988e-14,3.3081e-16,0.0015477,0.0024638,0.87961,1,13.02,13.02,0,0
1.0883,2.1003e-14,3.3105e-16,0.0015376,0.0024486,0.87877,1,13.144,13.144,0,0
1.0891,2.1019e-14,3.313e-16,0.0015275,0.0024329,0.87794,1,13.268,13.268,0,0
1.0899,2.1035e-14,3.3155e-16,0.0015174,0.0024168,0.87711,1,13.392,13.392,0,0
1.0907,2.105e-14,3.3179e-16,0.0015073,0.0024006,0.87628,1,13.516,13.516,0,0
1.0915,2.1065e-14,3.3203e-16,0.0014975,0.0023846,0.87546,1,13.64,13.64,0,0
1.0923,2.1081e-14,3.3227e-16,0.0014877,0.0023686,0.87464,1,13.764,13.764,0,0
1.0931,2.1096e-14,3.3251e-16,0.0014786,0.0023537,0.87381,1,13.888,13.888,0,0
1.0939,2.1111e-14,3.3275e-16,0.0014696,0.0023394,0.87299,1,14.012,14.012,0,0
1.0947,2.1126e-14,3.3299e-16,0.0014609,0.0023254,0.87217,1,14.136,14.136,0,0
1.0955,2.1142e-14,3.3323e-16,0.0014524,0.0023123,0.87135,1,14.26,14.26,0,0
1.0963,2.1157e-14,3.3347e-16,0.001444,0.0022991,0.87054,1,14.384,14.384,0,0
1.097,2.1171e-14,3.337e-16,0.001436,0.0022873,0.86973,1,14.508,14.508,0,0
1.0978,2.1186e-14,3.3394e-16,0.0014281,0.0022756,0.86892,1,14.632,14.632,0,0
1.0986,2.1201e-14,3.3417e-16,0.0014207,0.002265,0.86811,1,14.756,14.756,0,0
1.0993,2.1216e-14,3.344e-16,0.0014138,0.0022557,0.86731,1,14.88,14.88,0,0
1.1001,2.123e-14,3.3463e-16,0.0014069,0.0022464,0.86651,1,15.004,15.004,0,0
1.1008,2.1245e-14,3.3486e-16,0.0014006,0.0022377,0.86572,1,15.128,15.128,0,0
1.1016,2.1259e-14,3.3509e-16,0.0013943,0.002229,0.86493,1,15.252,15.252,0,0
1.1023,2.1274e-14,3.3532e-16,0.0013883,0.002222,0.86414,1,15.376,15.376,0,0
1.1031,2.1288e-14,3.3554e-16,0.0013826,0.0022161,0.86335,1,15.5,15.5,0,0
1.1038,2.1303e-14,3.3577e-16,0.0013768,0.0022103,0.86256,1,15.624,15.624,0,0
1.1046,2.1317e-14,3.3599e-16,0.001371,0.0022051,0.86178,1,15.748,15.748,0,0
1.1053,2.1331e-14,3.3622e-16,0.0013652,0.0021999,0.86099,1,15.872,15.872,0,0
1.106,2.1345e-14,3.3644e-16,0.0013561,0.0021841,0.86021,1,15.996,15.996,0,0
1.1068,2.1359e-14,3.3666e-16,0.0013461,0.0021651,0.85944,1,16.12,16.12,0,0
1.1075,2.1373e-14,3.3688e-16,0.0013368,0.0021495,0.85866,1,16.244,16.244,0,0
1.1082,2.1387e-14,3.371e-16,0.0013285,0.0021399,0.85789,1,16.368,16.368,0,0
1.1089,2.1401e-14,3.3732e-16,0.0013202,0.0021303,0.85712,1,16.492,16.492,0,0
1.1097,2.1415e-14,3.3754e-16,0.0013171,0.002138,0.85635,1,16.616,16.616,0,0
1.1104,2.1429e-14,3.3776e-16,0.0013145,0.0021469,0.85559,1,16.74,16.74,0,0
1.1111,2.1443e-14,3.3798e-16,0.001322,0.0021911,0.85483,1,16.864,16.864,0,0
1.1118,2.1457e-14,3.382e-16,0.001339,0.0022682,0.85407,1,16.988,16.988,0,0
1.1125,2.1471e-14,3.3842e-16,0.0013563,0.0023464,0.85331,1,17.112,17.112,0,0
1.1133,2.1484e-14,3.3864e-16,0.0013758,0.0024351,0.85256,1,17.236,17.236,0,0
1.114,2.1498e-14,3.3885e-16,0.0013952,0.0025237,0.85181,1,17.36,17.36,0,0
1.1147,2.1512e-14,3.3907e-16,0.0014014,0.002556,0.85106,1,17.484,17.484,0,0
1.1154,2.1526e-14,3.3929e-16,0.0014011,0.0025616,0.85031,1,17.608,17.608,0,0
1.1161,2.1539e-14,3.395e-16,0.0014024,0.0025702,0.84955,1,17.732,17.732,0,0
1.1168,2.1553e-14,3.3972e-16,0.0014081,0.0025878,0.84879,1,17.856,17.856,0,0
1.1175,2.1567e-14,3.3994e-16,0.0014137,0.0026055,0.84803,1,17.98,17.98,0,0
1.1182,2.1581e-14,3.4015e-16,0.0014251,0.002647,0.84727,1,18.104,18.104,0,0
1.1189,2.1594e-14,3.4037e-16,0.0014376,0.0026931,0.84651,1,18.228,18.228,0,0
1.1196,2.1608e-14,3.4058e-16,0.0014484,0.0027306,0.84576,1,18.352,18.352,0,0
1.1203,2.1621e-14,3.4079e-16,0.0014567,0.0027559,0.84501,1,18.476,18.476,0,0
1.121,2.1635e-14,3.4101e-16,0.001465,0.0027813,0.84426,1,18.6,18.6,0,0
1.1217,2.1648e-14,3.4122e-16,0.0014656,0.0027815,0.84351,1,18.724,18.724,0,0
1.1224,2.1662e-14,3.4143e-16,0.0014661,0.0027817,0.84277,1,18.848,18.848,0,0
1.1231,2.1675e-14,3.4164e-16,0.0014702,0.0028003,0.84203,1,18.972,18.972,0,0
1.1238,2.1688e-14,3.4185e-16,0.0014768,0.0028321,0.8413,1,19.096,19.096,0,0
1.1245,2.1701e-14,3.4206e-16,0.0014838,0.0028645,0.84056,1,19.22,19.22,0,0
1.1252,2.1715e-14,3.4226e-16,0.0014923,0.0029001,0.83982,1,19.344,19.344,0,0
1.1259,2.1728e-14,3.4247e-16,0.0015009,0.0029357,0.83908,1,19.468,19.468,0,0
1.1266,2.1741e-14,3.4268e-16,0.0015096,0.0029538,0.83834,1,19.592,19.592,0,0
1.1272,2.1754e-14,3.4289e-16,0.0015184,0.0029659,0.83759,1,19.716,19.716,0,0
1.1279,2.1767e-14,3.431e-16,0.0015277,0.0029706,0.83684,1,19.84,19.84,0,0
1.1286,2.1781e-14,3.4331e-16,0.0015377,0.0029596,0.83609,1,19.964,19.964,0,0
1.1293,2.1794e-14,3.4351e-16,0.0015478,0.0029486,0.83534,1,20.088,20.088,0,0
1.13,2.1807e-14,3.4372e-16,0.0015572,0.0029257,0.83458,1,20.212,20.212,0,0
1.1306,2.182e-14,3.4393e-16,0.0015665,0.0029016,0.83383,1,20.336,20.336,0,0
1.1313,2.1833e-14,3.4413e-16,0.0015745,0.0028854,0.83308,1,20.46,20.46,0,0
1.132,2.1846e-14,3.4434e-16,0.0015811,0.0028778,0.83234,1,20.584,20.584,0,0
1.1327,2.1859e-14,3.4454e-16,0.0015871,0.0028701,0.83159,1,20.708,20.708,0,0
1.1333,2.1872e-14,3.4475e-16,0.0015847,0.0028604,0.83084,1,20.832,20.832,0,0
1.134,2.1885e-14,3.4495e-16,0.0015824,0.0028507,0.8301,1,20.956,20.956,0,0
1.1347,2.1898e-14,3.4515e-16,0.0015808,0.0028443,0.82935,1,21.08,21.08,0,0
1.1353,2.1911e-14,3.4536e-16,0.0015796,0.0028396,0.8286,1,21.204,21.204,0,0
1.136,2.1924e-14,3.4556e-16,0.0015786,0.0028354,0.82785,1,21.328,21.328,0,0
1.1367,2.1936e-14,3.4576e-16,0.0015785,0.0028326,0.8271,1,21.452,21.452,0,0
1.1373,2.1949e-14,3.4596e-16,0.0015783,0.0028298,0.82635,1,21.576,21.576,0,0
1.138,2.1962e-14,3.4616e-16,0.0015782,0.0028266,0.8256,1,21.7,21.7,0,0
1.1386,2.1975e-14,3.4636e-16,0.0015782,0.0028233,0.82484,1,21.824,21.824,0,0
1.1393,2.1987e-14,3.4656e-16,0.0015784,0.0028202,0.82409,1,21.948,21.948,0,0
1.14,2.2e-14,3.4676e-16,0.0015789,0.0028174,0.82334,1,22.072,22.072,0,0
1.1406,2.2012e-14,3.4696e-16,0.0015794,0.0028147,0.82259,1,22.196,22.196,0,0
1.1413,2.2025e-14,3.4715e-16,0.0015806,0.002809,0.82183,1,22.32,22.32,0,0
1.1419,2.2037e-14,3.4735e-16,0.0015818,0.0028032,0.82107,1,22.444,22.444,0,0
1.1426,2.205e-14,3.4755e-16,0.0015833,0.0027846,0.82032,1,22.568,22.568,0,0
1.1432,2.2062e-14,3.4774e-16,0.0015849,0.0027556,0.81956,1,22.692,22.692,0,0
1.1438,2.2075e-14,3.4794e-16,0.0015878,0.0027268,0.81881,1,22.816,22.816,0,0
1.1445,2.2087e-14,3.4813e-16,0.0015992,0.002699,0.81806,1,22.94,22.94,0,0
1.1451,2.2099e-14,3.4832e-16,0.0016107,0.0026713,0.81731,1,23.064,23.064,0,0
1.1457,2.2111e-14,3.4851e-16,0.0016257,0.0026768,0.81657,1,23.188,23.188,0,0
1.1464,2.2123e-14,3.487e-16,0.0016422,0.0026959,0.81582,1,23.312,23.312,0,0
1.147,2.2135e-14,3.4889e-16,0.0016566,0.0027214,0.81508,1,23.436,23.436,0,0
1.1476,2.2147e-14,3.4908e-16,0.001666,0.0027626,0.81433,1,23.56,23.56,0,0
1.1482,2.2159e-14,3.4927e-16,0.0016754,0.0028037,0.81358,1,23.684,23.684,0,0
1.1488,2.2171e-14,3.4946e-16,0.0016763,0.0028141,0.81282,1,23.808,23.808,0,0
1.1495,2.2183e-14,3.4965e-16,0.001676,0.00282,0.81207,1,23.932,23.932,0,0
1.1501,2.2195e-14,3.4983e-16,0.0016751,0.0028213,0.81131,1,24.056,24.056,0,0
1.1507,2.2207e-14,3.5002e-16,0.0016732,0.002817,0.81056,1,24.18,24.18,0,0
1.1513,2.2218e-14,3.5021e-16,0.0016722,0.0028155,0.8098,1,24.304,24.304,0,0
1.1519,2.223e-14,3.5039e-16,0.0016947,0.0028972,0.80904,1,24.428,24.428,0,0
1.1525,2.2242e-14,3.5057e-16,0.0017173,0.0029789,0.80829,1,24.552,24.552,0,0
1.1531,2.2253e-14,3.5075e-16,0.0017394,0.0030455,0.80754,1,24.676,24.676,0,0
1.1537,2.2264e-14,3.5093e-16,0.0017612,0.0031025,0.80678,1,24.8,24.8,0,0
1.1543,2.2276e-14,3.5111e-16,0.0017788,0.0031441,0.80603,1,24.924,24.924,0,0
1.1548,2.2287e-14,3.5128e-16,0.001779,0.0031212,0.80528,1,25.048,25.048,0,0
1.1554,2.2298e-14,3.5146e-16,0.0017792,0.0030983,0.80453,1,25.172,25.172,0,0
1.156,2.2309e-14,3.5163e-16,0.0017842,0.0030961,0.8038,1,25.296,25.296,0,0
1.1565,2.2319e-14,3.5179e-16,0.0017906,0.0030999,0.80307,1,25.42,25.42,0,0
1.1571,2.233e-14,3.5196e-16,0.0018038,0.0031123,0.80233,1,25.544,25.544,0,0
1.1576,2.2341e-14,3.5214e-16,0.0018295,0.0031403,0.80155,1,25.668,25.668,0,0
1.1582,2.2352e-14,3.5231e-16,0.0018702,0.0032038,0.80081,1,25.792,25.792,0,0
1.1587,2.2362e-14,3.5247e-16,0.0019171,0.0032791,0.80008,1,25.916,25.916,0,0
1.1593,2.2372e-14,3.5263e-16,0.001969,0.0033494,0.79936,1,26.04,26.04,0,0
1.1598,2.2382e-14,3.5279e-16,0.0020274,0.0034387,0.79863,1,26.164,26.164,0,0
1.1603,2.2392e-14,3.5294e-16,0.0020906,0.0035419,0.79789,1,26.288,26.288,0,0
1.1608,2.2402e-14,3.531e-16,0.0021587,0.0036583,0.79714,1,26.412,26.412,0,0
1.1613,2.2411e-14,3.5325e-16,0.0022201,0.0037534,0.79639,1,26.536,26.536,0,0
1.1618,2.2421e-14,3.534e-16,0.0022765,0.0038331,0.79563,1,26.66,26.66,0,0
1.1623,2.243e-14,3.5354e-16,0.0023354,0.003922,0.79488,1,26.784,26.784,0,0
1.1627,2.2439e-14,3.5368e-16,0.0023893,0.0039822,0.79414,1,26.908,26.908,0,0
1.1632,2.2448e-14,3.5382e-16,0.0024391,0.0040275,0.79341,1,27.032,27.032,0,0
1.1636,2.2457e-14,3.5396e-16,0.0024846,0.0040749,0.79269,1,27.156,27.156,0,0
1.1641,2.2465e-14,3.5409e-16,0.0025401,0.0041297,0.79197,1,27.28,27.28,0,0
1.1645,2.2473e-14,3.5422e-16,0.0026061,0.0041996,0.79125,1,27.404,27.404,0,0
1.1649,2.2481e-14,3.5435e-16,0.0026822,0.0042878,0.79053,1,27.528,27.528,0,0
1.1653,2.2489e-14,3.5447e-16,0.0027621,0.0043973,0.78981,1,27.652,27.652,0,0
1.1657,2.2497e-14,3.5459e-16,0.00282,0.0044779,0.78909,1,27.776,27.776,0,0
1.1661,2.2504e-14,3.5471e-16,0.0028807,0.0045875,0.78835,1,27.9,27.9,0,0
1.1665,2.2512e-14,3.5483e-16,0.0029436,0.0047036,0.78761,1,28.024,28.024,0,0
1.1669,2.2519e-14,3.5494e-16,0.0029951,0.0047587,0.78687,1,28.148,28.148,0,0
1.1672,2.2526e-14,3.5505e-16,0.0029983,0.0046626,0.78614,1,28.272,28.272,0,0
1.1676,2.2533e-14,3.5516e-16,0.0030115,0.0045718,0.78541,1,28.396,28.396,0,0
1.1679,2.2539e-14,3.5526e-16,0.0030493,0.0045525,0.78468,1,28.52,28.52,0,0
1.1682,2.2546e-14,3.5536e-16,0.0030998,0.0046119,0.78396,1,28.644,28.644,0,0
1.1686,2.2552e-14,3.5546e-16,0.003141,0.0047024,0.78324,1,28.768,28.768,0,0
1.1689,2.2558e-14,3.5556e-16,0.0031625,0.0047614,0.78251,1,28.892,28.892,0,0
1.1692,2.2564e-14,3.5565e-16,0.0031841,0.0047978,0.78179,1,29.016,29.016,0,0
1.1695,2.257e-14,3.5574e-16,0.0032236,0.0048439,0.78107,1,29.14,29.14,0,0
1.1698,2.2575e-14,3.5583e-16,0.003278,0.0049302,0.78035,1,29.264,29.264,0,0
1.17,2.258e-14,3.5591e-16,0.0033358,0.00505,0.77963,1,29.388,29.388,0,0
1.1703,2.2585e-14,3.5598e-16,0.0033907,0.0051389,0.77891,1,29.512,29.512,0,0
1.1705,2.2589e-14,3.5605e-16,0.003454,0.0052098,0.7782,1,29.636,29.636,0,0
1.1707,2.2594e-14,3.5612e-16,0.0035214,0.0052825,0.77749,1,29.76,29.76,0,0
1.1709,2.2598e-14,3.5618e-16,0.0036022,0.0053929,0.77678,1,29.884,29.884,0,0
1.1711,2.2601e-14,3.5624e-16,0.0036978,0.0055526,0.77606,1,30.008,30.008,0,0
1.1713,2.2605e-14,3.5629e-16,0.0037907,0.005681,0.77535,1,30.132,30.132,0,0
1.1715,2.2608e-14,3.5634e-16,0.0039152,0.0059035,0.77463,1,30.256,30.256,0,0
1.1716,2.2611e-14,3.5639e-16,0.0039903,0.005991,0.77391,1,30.38,30.38,0,0
1.1717,2.2613e-14,3.5642e-16,0.0039984,0.0058774,0.77319,1,30.504,30.504,0,0
1.1718,2.2615e-14,3.5646e-16,0.0040275,0.0058161,0.77248,1,30.628,30.628,0,0
1.1719,2.2617e-14,3.5649e-16,0.0040936,0.0058835,0.77179,1,30.752,30.752,0,0
1.172,2.2619e-14,3.5652e-16,0.0041879,0.0060601,0.77108,1,30.876,30.876,0,0
1.1721,2.262e-14,3.5654e-16,0.00429,0.0062577,0.77035,1,31,31,0,0
1.1722,2.2621e-14,3.5655e-16,0.004331,0.0062668,0.76963,1,31.124,31.124,0,0
1.1722,2.2622e-14,3.5656e-16,0.0043953,0.0064191,0.7689,1,31.248,31.248,0,0
1.1722,2.2622e-14,3.5657e-16,0.0044799,0.0066067,0.76819,1,31.372,31.372,0,0
1.1722,2.2622e-14,3.5657e-16,0.0045481,0.0066346,0.76748,1,31.496,31.496,0,0
1.1722,2.2622e-14,3.5656e-16,0.0046175,0.0065825,0.76678,1,31.62,31.62,0,0
1.1722,2.2621e-14,3.5655e-16,0.0046596,0.0064201,0.76608,1,31.744,31.744,0,0
1.1721,2.262e-14,3.5654e-16,0.0046894,0.0062495,0.76537,1,31.868,31.868,0,0
1.1721,2.2619e-14,3.5652e-16,0.0048079,0.0063574,0.76465,1,31.992,31.992,0,0
1.172,2.2618e-14,3.565e-16,0.0049538,0.0065294,0.76394,1,32.116,32.116,0,0
1.1719,2.2616e-14,3.5647e-16,0.005117,0.0066887,0.76322,1,32.24,32.24,0,0
1.1718,2.2614e-14,3.5644e-16,0.0053132,0.0068531,0.76248,1,32.364,32.364,0,0
1.1717,2.2612e-14,3.5641e-16,0.0055048,0.0069248,0.76174,1,32.488,32.488,0,0
1.1715,2.2609e-14,3.5637e-16,0.0055683,0.0066433,0.76101,1,32.612,32.612,0,0
1.1714,2.2606e-14,3.5632e-16,0.0055659,0.0062297,0.76033,1,32.736,32.736,0,0
1.1712,2.2602e-14,3.5626e-16,0.005661,0.006371,0.75965,1,32.86,32.86,0,0
1.171,2.2598e-14,3.5619e-16,0.0058296,0.0067146,0.75895,1,32.984,32.984,0,0
1.1707,2.2593e-14,3.561e-16,0.0060033,0.0069704,0.75825,1,33.108,33.108,0,0
1.1704,2.2587e-14,3.5601e-16,0.0060491,0.0070399,0.75753,1,33.232,33.232,0,0
1.17,2.258e-14,3.5591e-16,0.0061966,0.0071252,0.75682,1,33.356,33.356,0,0
1.1696,2.2573e-14,3.5579e-16,0.0062164,0.006811,0.75607,1,33.48,33.48,0,0
1.1692,2.2565e-14,3.5567e-16,0.0063683,0.0068796,0.75531,1,33.604,33.604,0,0
1.1688,2.2556e-14,3.5553e-16,0.0066185,0.0071231,0.75454,1,33.728,33.728,0,0
1.1683,2.2547e-14,3.5538e-16,0.0066795,0.0068674,0.75374,1,33.852,33.852,0,0
1.1677,2.2536e-14,3.5521e-16,0.0066703,0.0062955,0.75301,1,33.976,33.976,0,0
1.1671,2.2524e-14,3.5502e-16,0.0067046,0.006042,0.75256,1,34.1,34.1,0,0
1.1664,2.251e-14,3.548e-16,0.006689,0.0059491,0.75214,1,34.224,34.224,0,0
1.1656,2.2495e-14,3.5456e-16,0.0067026,0.0060073,0.75188,1,34.348,34.348,0,0
1.1647,2.2478e-14,3.5429e-16,0.0067849,0.0062189,0.75178,1,34.472,34.472,0,0
1.1638,2.246e-14,3.5401e-16,0.0067461,0.0062011,0.75176,1,34.596,34.596,0,0
1.1629,2.2442e-14,3.5373e-16,0.0067671,0.0063357,0.75174,1,34.72,34.72,0,0
1.1619,2.2424e-14,3.5344e-16,0.0068206,0.0064914,0.75168,1,34.844,34.844,0,0
1.161,2.2405e-14,3.5315e-16,0.006854,0.0064844,0.75163,1,34.968,34.968,0,0
1.16,2.2386e-14,3.5285e-16,0.0069257,0.0066064,0.75165,1,35.092,35.092,0,0
1.159,2.2367e-14,3.5255e-16,0.0069155,0.006578,0.75171,1,35.216,35.216,0,0
1.158,2.2349e-14,3.5226e-16,0.0069425,0.0066935,0.75181,1,35.34,35.34,0,0
1.157,2.2329e-14,3.5195e-16,0.0069157,0.0066561,0.75194,1,35.464,35.464,0,0
1.156,2.231e-14,3.5164e-16,0.0068382,0.0065259,0.75212,1,35.588,35.588,0,0
1.1549,2.2289e-14,3.5132e-16,0.00679,0.0062923,0.7524,1,35.712,35.712,0,0
1.1537,2.2266e-14,3.5095e-16,0.006779,0.0061172,0.75283,1,35.836,35.836,0,0
1.1524,2.224e-14,3.5054e-16,0.0067516,0.0059112,0.75348,1,35.96,35.96,0,0
1.1508,2.2209e-14,3.5006e-16,0.0066742,0.0056147,0.75436,1,36.084,36.084,0,0
1.149,2.2175e-14,3.4951e-16,0.0066532,0.0054259,0.75547,1,36.208,36.208,0,0
1.1469,2.2134e-14,3.4888e-16,0.0066779,0.0053353,0.75687,1,36.332,36.332,0,0
1.1446,2.2089e-14,3.4817e-16,0.0067214,0.0052949,0.75853,1,36.456,36.456,0,0
1.142,2.204e-14,3.4739e-16,0.006776,0.0052883,0.76043,1,36.58,36.58,0,0
1.1392,2.1984e-14,3.4652e-16,0.0068394,0.0053066,0.76262,1,36.704,36.704,0,0
1.136,2.1924e-14,3.4557e-16,0.0069103,0.0053389,0.76508,1,36.828,36.828,0,0
1.1327,2.186e-14,3.4456e-16,0.0069899,0.00538,0.76777,1,36.952,36.952,0,0
1.1292,2.1792e-14,3.4348e-16,0.0070801,0.005428,0.77069,1,37.076,37.076,0,0
1.1255,2.172e-14,3.4235e-16,0.0071839,0.0054835,0.7738,1,37.2,37.2,0,0
1.1216,2.1646e-14,3.4118e-16,0.0073041,0.0055481,0.7771,1,37.324,37.324,0,0
1.1176,2.1568e-14,3.3995e-16,0.0074441,0.0056249,0.78056,1,37.448,37.448,0,0
1.1134,2.1487e-14,3.3868e-16,0.0076037,0.0057147,0.78414,1,37.572,37.572,0,0
1.1091,2.1405e-14,3.3738e-16,0.0077839,0.005819,0.78783,1,37.696,37.696,0,0
1.1047,2.132e-14,3.3604e-16,0.0079849,0.0059389,0.79161,1,37.82,37.82,0,0
1.1002,2.1232e-14,3.3466e-16,0.0082075,0.0060753,0.79547,1,37.944,37.944,0,0
1.0955,2.1142e-14,3.3324e-16,0.0084527,0.0062291,0.79938,1,38.068,38.068,0,0
1.0907,2.105e-14,3.3178e-16,0.0087222,0.0064021,0.80336,1,38.192,38.192,0,0
1.0858,2.0954e-14,3.3028e-16,0.0090189,0.0065955,0.80737,1,38.316,38.316,0,0
1.0807,2.0856e-14,3.2873e-16,0.0093472,0.006814,0.81142,1,38.44,38.44,0,0
1.0754,2.0754e-14,3.2712e-16,0.0097117,0.0070581,0.8155,1,38.564,38.564,0,0
1.0699,2.0648e-14,3.2545e-16,0.01012,0.0073361,0.8196,1,38.688,38.688,0,0
1.0641,2.0536e-14,3.2369e-16,0.010588,0.0076551,0.82373,1,38.812,38.812,0,0
1.0581,2.0419e-14,3.2185e-16,0.011121,0.008018,0.82787,1,38.936,38.936,0,0
1.0517,2.0296e-14,3.199e-16,0.011732,0.0084361,0.832,1,39.06,39.06,0,0
1.0449,2.0165e-14,3.1784e-16,0.01243,0.0089078,0.83613,1,39.184,39.184,0,0
1.0377,2.0026e-14,3.1565e-16,0.013226,0.0094416,0.84023,1,39.308,39.308,0,0
1.03,1.9878e-14,3.1331e-16,0.014131,0.010046,0.8443,1,39.432,39.432,0,0
1.0218,1.9719e-14,3.1081e-16,0.015152,0.01072,0.84834,1,39.556,39.556,0,0
1.0128,1.9545e-14,3.0807e-16,0.016332,0.01148,0.8523,1,39.68,39.68,0,0
1.0031,1.9358e-14,3.0512e-16,0.017644,0.012322,0.85619,1,39.804,39.804,0,0
0.99263,1.9157e-14,3.0194e-16,0.019081,0.013234,0.86001,1,39.928,39.928,0,0
0.98145,1.8941e-14,2.9854e-16,0.020634,0.014209,0.86374,1,40.052,40.052,0,0
0.96932,1.8707e-14,2.9485e-16,0.022313,0.015251,0.86739,1,40.176,40.176,0,0
0.95616,1.8453e-14,2.9085e-16,0.024092,0.016343,0.87094,1,40.3,40.3,0,0
0.94221,1.8183e-14,2.8661e-16,0.025928,0.017472,0.87441,1,40.424,40.424,0,0
0.92749,1.7899e-14,2.8213e-16,0.027808,0.018633,0.8778,1,40.548,40.548,0,0
0.91176,1.7596e-14,2.7734e-16,0.02972,0.019835,0.88105,1,40.672,40.672,0,0
0.89521,1.7276e-14,2.7231e-16,0.031626,0.02106,0.88416,1,40.796,40.796,0,0
0.87804,1.6945e-14,2.6709e-16,0.033512,0.022302,0.88715,1,40.92,40.92,0,0
0.86017,1.66e-14,2.6165e-16,0.035366,0.023564,0.88999,1,41.044,41.044,0,0
0.84145,1.6239e-14,2.5596e-16,0.037128,0.024835,0.89259,1,41.168,41.168,0,0
0.82226,1.5869e-14,2.5012e-16,0.03881,0.026095,0.89507,1,41.292,41.292,0,0
0.80257,1.5489e-14,2.4413e-16,0.040393,0.027341,0.8974,1,41.416,41.416,0,0
0.78231,1.5098e-14,2.3797e-16,0.041765,0.028536,0.89949,1,41.54,41.54,0,0
0.76188,1.4703e-14,2.3175e-16,0.043014,0.029702,0.90147,1,41.664,41.664,0,0
0.74126,1.4305e-14,2.2548e-16,0.044102,0.030828,0.9033,1,41.788,41.788,0,0
0.72068,1.3908e-14,2.1922e-16,0.044934,0.031839,0.90495,1,41.912,41.912,0,0
0.70017,1.3512e-14,2.1298e-16,0.045634,0.032773,0.90651,1,42.036,42.036,0,0
0.67988,1.3121e-14,2.0681e-16,0.046082,0.033539,0.90793,1,42.16,42.16,0,0
0.65987,1.2735e-14,2.0072e-16,0.046336,0.034181,0.90923,1,42.284,42.284,0,0
0.64003,1.2352e-14,1.9469e-16,0.046473,0.034749,0.91047,1,42.408,42.408,0,0
0.62087,1.1982e-14,1.8886e-16,0.046343,0.035188,0.91155,1,42.532,42.532,0,0
0.60202,1.1618e-14,1.8313e-16,0.046131,0.03558,0.91257,1,42.656,42.656,0,0
0.58382,1.1267e-14,1.7759e-16,0.045743,0.03587,0.91348,1,42.78,42.78,0,0
0.56633,1.093e-14,1.7227e-16,0.04521,0.03606,0.91432,1,42.904,42.904,0,0
0.54932,1.0601e-14,1.6709e-16,0.044579,0.036185,0.91511,1,43.028,43.028,0,0
0.53347,1.0295e-14,1.6227e-16,0.043769,0.036183,0.9158,1,43.152,43.152,0,0
0.51794,9.9955e-15,1.5755e-16,0.042912,0.036147,0.91647,1,43.276,43.276,0,0
0.50377,9.7221e-15,1.5324e-16,0.041879,0.035965,0.91706,1,43.4,43.4,0,0
0.49003,9.457e-15,1.4906e-16,0.040794,0.035732,0.91763,1,43.524,43.524,0,0
0.47741,9.2135e-15,1.4522e-16,0.03958,0.03537,0.91816,1,43.648,43.648,0,0
0.46548,8.9832e-15,1.4159e-16,0.038287,0.034916,0.91867,1,43.772,43.772,0,0
0.4544,8.7694e-15,1.3822e-16,0.036898,0.034346,0.91916,1,43.896,43.896,0,0
0.44417,8.572e-15,1.3511e-16,0.035414,0.03364,0.91965,1,44.02,44.02,0,0
0.43458,8.3868e-15,1.3219e-16,0.033858,0.032831,0.92012,1,44.144,44.144,0,0
0.42589,8.2191e-15,1.2955e-16,0.032204,0.031852,0.92059,1,44.268,44.268,0,0
0.41766,8.0604e-15,1.2705e-16,0.0305,0.030786,0.92106,1,44.392,44.392,0,0
0.41032,7.9186e-15,1.2481e-16,0.028719,0.029541,0.92153,1,44.516,44.516,0,0
0.40331,7.7835e-15,1.2268e-16,0.026907,0.028227,0.922,1,44.64,44.64,0,0
0.3971,7.6636e-15,1.2079e-16,0.025068,0.026771,0.92246,1,44.764,44.764,0,0
0.39117,7.5491e-15,1.1899e-16,0.023218,0.025265,0.92292,1,44.888,44.888,0,0
0.3859,7.4473e-15,1.1738e-16,0.021409,0.023692,0.92337,1,45.012,45.012,0,0
0.38088,7.3504e-15,1.1586e-16,0.019615,0.022095,0.92382,1,45.136,45.136,0,0
0.37637,7.2634e-15,1.1449e-16,0.017921,0.020519,0.92424,1,45.26,45.26,0,0
0.37211,7.1813e-15,1.1319e-16,0.016277,0.018954,0.92466,1,45.384,45.384,0,0
0.36822,7.1062e-15,1.1201e-16,0.014761,0.017474,0.92505,1,45.508,45.508,0,0
0.36459,7.0362e-15,1.109e-16,0.013339,0.016056,0.92542,1,45.632,45.632,0,0
0.3612,6.9707e-15,1.0987e-16,0.012032,0.014738,0.92576,1,45.756,45.756,0,0
0.35809,6.9106e-15,1.0892e-16,0.010867,0.013542,0.92608,1,45.88,45.88,0,0
0.35509,6.8527e-15,1.0801e-16,0.0097724,0.012416,0.92639,1,46.004,46.004,0,0
0.35238,6.8006e-15,1.0719e-16,0.008862,0.011471,0.92666,1,46.128,46.128,0,0
0.3497,6.7488e-15,1.0637e-16,0.0079662,0.010541,0.92693,1,46.252,46.252,0,0
0.34732,6.7029e-15,1.0565e-16,0.0072811,0.0098353,0.92715,1,46.376,46.376,0,0
0.34494,6.657e-15,1.0493e-16,0.0065959,0.0091296,0.92737,1,46.5,46.5,0,0
0.34277,6.615e-15,1.0427e-16,0.0060594,0.0085908,0.92755,1,46.624,46.624,0,0
0.34064,6.574e-15,1.0362e-16,0.0055572,0.0080905,0.92773,1,46.748,46.748,0,0
0.33862,6.5349e-15,1.03e-16,0.0051275,0.0076744,0.92788,1,46.872,46.872,0,0
0.33668,6.4976e-15,1.0241e-16,0.0047652,0.0073368,0.92802,1,46.996,46.996,0,0
0.33478,6.4608e-15,1.0183e-16,0.0044211,0.0070208,0.92815,1,47.12,47.12,0,0
0.333,6.4265e-15,1.0129e-16,0.0041598,0.006803,0.92825,1,47.244,47.244,0,0
0.33122,6.3921e-15,1.0075e-16,0.0038986,0.0065853,0.92836,1,47.368,47.368,0,0
0.32953,6.3596e-15,1.0024e-16,0.0036944,0.0064341,0.92844,1,47.492,47.492,0,0
0.32787,6.3275e-15,9.9734e-17,0.0035046,0.0062996,0.92851,1,47.616,47.616,0,0
0.32625,6.2962e-15,9.9241e-17,0.0033334,0.006185,0.92858,1,47.74,47.74,0,0
0.32469,6.2662e-15,9.8767e-17,0.0031933,0.0061037,0.92864,1,47.864,47.864,0,0
0.32313,6.2361e-15,9.8293e-17,0.0030532,0.0060224,0.92869,1,47.988,47.988,0,0
0.32168,6.208e-15,9.785e-17,0.0029439,0.0059688,0.92873,1,48.112,48.112,0,0
0.32024,6.1802e-15,9.7411e-17,0.0028379,0.0059182,0.92878,1,48.236,48.236,0,0
0.31881,6.1525e-15,9.6976e-17,0.0027362,0.0058708,0.92882,1,48.36,48.36,0,0
0.31743,6.1259e-15,9.6556e-17,0.0026506,0.0058353,0.92885,1,48.484,48.484,0,0
0.31604,6.0993e-15,9.6136e-17,0.002565,0.0057998,0.92888,1,48.608,48.608,0,0
0.3147,6.0734e-15,9.5728e-17,0.0024869,0.0057675,0.9289,1,48.732,48.732,0,0
0.31339,6.0481e-15,9.5329e-17,0.0024154,0.0057382,0.92892,1,48.856,48.856,0,0
0.31208,6.0228e-15,9.4931e-17,0.0023439,0.0057088,0.92894,1,48.98,48.98,0,0
0.31083,5.9986e-15,9.4549e-17,0.0022807,0.0056802,0.92895,1,49.104,49.104,0,0
0.30958,5.9746e-15,9.4171e-17,0.0022191,0.0056517,0.92896,1,49.228,49.228,0,0
0.30835,5.9508e-15,9.3796e-17,0.0021586,0.0056231,0.92897,1,49.352,49.352,0,0
0.30717,5.928e-15,9.3437e-17,0.0021044,0.0055933,0.92898,1,49.476,49.476,0,0
0.30599,5.9052e-15,9.3078e-17,0.0020501,0.0055636,0.92898,1,49.6,49.6,0,0
0.30484,5.883e-15,9.2727e-17,0.0019986,0.0055331,0.92898,1,49.724,49.724,0,0
0.30371,5.8613e-15,9.2385e-17,0.0019502,0.0055019,0.92898,1,49.848,49.848,0,0
0.30259,5.8397e-15,9.2044e-17,0.0019018,0.0054707,0.92898,1,49.972,49.972,0,0
0.30151,5.8189e-15,9.1716e-17,0.0018572,0.0054389,0.92897,1,50.096,50.096,0,0
0.30045,5.7983e-15,9.1392e-17,0.0018137,0.0054069,0.92897,1,50.22,50.22,0,0
0.29939,5.7778e-15,9.107e-17,0.0017706,0.0053749,0.92897,1,50.344,50.344,0,0
0.29838,5.7583e-15,9.0762e-17,0.0017314,0.0053433,0.92896,1,50.468,50.468,0,0
0.29737,5.7388e-15,9.0455e-17,0.0016923,0.0053116,0.92895,1,50.592,50.592,0,0
0.29638,5.7197e-15,9.0154e-17,0.0016546,0.0052804,0.92895,1,50.716,50.716,0,0
0.29542,5.7013e-15,8.9863e-17,0.0016194,0.0052499,0.92894,1,50.84,50.84,0,0
0.29446,5.6828e-15,8.9572e-17,0.0015841,0.0052195,0.92893,1,50.964,50.964,0,0
0.29354,5.665e-15,8.9291e-17,0.0015512,0.0051904,0.92892,1,51.088,51.088,0,0
0.29264,5.6475e-15,8.9016e-17,0.0015194,0.0051618,0.92891,1,51.212,51.212,0,0
0.29173,5.6301e-15,8.8741e-17,0.0014877,0.0051333,0.9289,1,51.336,51.336,0,0
0.29088,5.6136e-15,8.8481e-17,0.001459,0.005107,0.92889,1,51.46,51.46,0,0
0.29002,5.5971e-15,8.8221e-17,0.0014303,0.0050807,0.92887,1,51.584,51.584,0,0
0.28918,5.5809e-15,8.7966e-17,0.0014025,0.0050551,0.92886,1,51.708,51.708,0,0
0.28838,5.5653e-15,8.7721e-17,0.0013765,0.0050311,0.92885,1,51.832,51.832,0,0
0.28757,5.5498e-15,8.7475e-17,0.0013506,0.0050071,0.92883,1,51.956,51.956,0,0
0.2868,5.5349e-15,8.724e-17,0.0013262,0.0049845,0.92882,1,52.08,52.08,0,0
0.28604,5.5202e-15,8.701e-17,0.0013027,0.0049626,0.9288,1,52.204,52.204,0,0
0.28528,5.5056e-15,8.6779e-17,0.0012792,0.0049408,0.92879,1,52.328,52.328,0,0
0.28457,5.4919e-15,8.6562e-17,0.0012577,0.0049208,0.92877,1,52.452,52.452,0,0
0.28386,5.4782e-15,8.6346e-17,0.0012364,0.004901,0.92875,1,52.576,52.576,0,0
0.28316,5.4647e-15,8.6134e-17,0.0012155,0.0048815,0.92874,1,52.7,52.7,0,0
0.2825,5.4518e-15,8.5932e-17,0.001196,0.0048633,0.92872,1,52.824,52.824,0,0
0.28183,5.439e-15,8.5729e-17,0.0011765,0.004845,0.9287,1,52.948,52.948,0,0
0.28119,5.4267e-15,8.5535e-17,0.001158,0.0048277,0.92868,1,53.072,53.072,0,0
0.28057,5.4147e-15,8.5346e-17,0.0011402,0.0048109,0.92866,1,53.196,53.196,0,0
0.27995,5.4027e-15,8.5157e-17,0.0011224,0.0047942,0.92864,1,53.32,53.32,0,0
0.27937,5.3914e-15,8.498e-17,0.0011058,0.0047785,0.92862,1,53.444,53.444,0,0
0.27879,5.3803e-15,8.4804e-17,0.0010895,0.0047629,0.9286,1,53.568,53.568,0,0
0.27822,5.3693e-15,8.463e-17,0.0010734,0.0047475,0.92858,1,53.692,53.692,0,0
0.27768,5.3589e-15,8.4467e-17,0.0010584,0.004733,0.92856,1,53.816,53.816,0,0
0.27715,5.3486e-15,8.4304e-17,0.0010434,0.0047186,0.92853,1,53.94,53.94,0,0
0.27663,5.3386e-15,8.4147e-17,0.001029,0.0047047,0.92851,1,54.064,54.064,0,0
0.27613,5.329e-15,8.3995e-17,0.0010152,0.0046912,0.92849,1,54.188,54.188,0,0
0.27564,5.3194e-15,8.3844e-17,0.0010013,0.0046777,0.92846,1,54.312,54.312,0,0
0.27517,5.3104e-15,8.3703e-17,0.00098844,0.0046651,0.92844,1,54.436,54.436,0,0
0.27471,5.3016e-15,8.3563e-17,0.00097573,0.0046527,0.92842,1,54.56,54.56,0,0
0.27426,5.2929e-15,8.3426e-17,0.00096316,0.0046404,0.92839,1,54.684,54.684,0,0
0.27384,5.2847e-15,8.3298e-17,0.00095148,0.004629,0.92837,1,54.808,54.808,0,0
0.27342,5.2766e-15,8.317e-17,0.00093979,0.0046176,0.92834,1,54.932,54.932,0,0
0.27301,5.2688e-15,8.3047e-17,0.00092854,0.0046067,0.92832,1,55.056,55.056,0,0
0.27263,5.2614e-15,8.293e-17,0.00091779,0.0045964,0.92829,1,55.18,55.18,0,0
0.27224,5.254e-15,8.2813e-17,0.00090705,0.0045861,0.92827,1,55.304,55.304,0,0
0.27189,5.2471e-15,8.2704e-17,0.00089701,0.0045768,0.92824,1,55.428,55.428,0,0
0.27154,5.2403e-15,8.2597e-17,0.00088718,0.0045678,0.92821,1,55.552,55.552,0,0
0.27119,5.2336e-15,8.2492e-17,0.0008774,0.0045589,0.92819,1,55.676,55.676,0,0
0.27087,5.2275e-15,8.2395e-17,0.00086838,0.0045511,0.92816,1,55.8,55.8,0,0
0.27056,5.2214e-15,8.2299e-17,0.00085936,0.0045432,0.92813,1,55.924,55.924,0,0
0.27025,5.2155e-15,8.2206e-17,0.00085064,0.0045359,0.92811,1,56.048,56.048,0,0
0.26997,5.21e-15,8.212e-17,0.00084239,0.0045294,0.92808,1,56.172,56.172,0,0
0.26968,5.2045e-15,8.2033e-17,0.00083415,0.0045229,0.92805,1,56.296,56.296,0,0
0.26942,5.1994e-15,8.1953e-17,0.00082639,0.0045173,0.92802,1,56.42,56.42,0,0
0.26916,5.1945e-15,8.1876e-17,0.00081884,0.0045119,0.92799,1,56.544,56.544,0,0
0.26891,5.1896e-15,8.1799e-17,0.00081129,0.0045066,0.92797,1,56.668,56.668,0,0
0.26869,5.1853e-15,8.173e-17,0.00080434,0.004502,0.92794,1,56.792,56.792,0,0
0.26846,5.181e-15,8.1662e-17,0.00079738,0.0044974,0.92791,1,56.916,56.916,0,0
0.26824,5.1768e-15,8.1596e-17,0.0007906,0.004493,0.92788,1,57.04,57.04,0,0
0.26805,5.173e-15,8.1536e-17,0.00078417,0.004489,0.92785,1,57.164,57.164,0,0
0.26785,5.1692e-15,8.1476e-17,0.00077775,0.004485,0.92782,1,57.288,57.288,0,0
0.26767,5.1657e-15,8.1421e-17,0.00077158,0.0044809,0.92779,1,57.412,57.412,0,0
0.2675,5.1624e-15,8.137e-17,0.00076557,0.0044767,0.92776,1,57.536,57.536,0,0
0.26733,5.1591e-15,8.1318e-17,0.00075956,0.0044726,0.92773,1,57.66,57.66,0,0
0.26718,5.1563e-15,8.1273e-17,0.00075386,0.0044679,0.9277,1,57.784,57.784,0,0
0.26704,5.1535e-15,8.1229e-17,0.00074817,0.0044631,0.92767,1,57.908,57.908,0,0
0.2669,5.1508e-15,8.1187e-17,0.00074255,0.0044581,0.92764,1,58.032,58.032,0,0
0.26678,5.1485e-15,8.115e-17,0.00073711,0.0044522,0.92761,1,58.156,58.156,0,0
0.26666,5.1462e-15,8.1113e-17,0.00073167,0.0044464,0.92758,1,58.28,58.28,0,0
0.26655,5.1441e-15,8.108e-17,0.00072632,0.0044396,0.92755,1,58.404,58.404,0,0
0.26645,5.1422e-15,8.105e-17,0.00072105,0.0044321,0.92752,1,58.528,58.528,0,0
0.26635,5.1403e-15,8.1021e-17,0.00071578,0.0044247,0.92749,1,58.652,58.652,0,0
0.26627,5.1387e-15,8.0996e-17,0.00071063,0.0044159,0.92746,1,58.776,58.776,0,0
0.2662,5.1373e-15,8.0973e-17,0.0007055,0.0044069,0.92743,1,58.9,58.9,0,0
0.26612,5.1358e-15,8.0951e-17,0.00070039,0.0043975,0.9274,1,59.024,59.024,0,0
0.26607,5.1347e-15,8.0933e-17,0.00069534,0.0043864,0.92737,1,59.148,59.148,0,0
0.26601,5.1336e-15,8.0916e-17,0.00069029,0.0043753,0.92734,1,59.272,59.272,0,0
0.26596,5.1327e-15,8.0902e-17,0.00068528,0.0043634,0.92731,1,59.396,59.396,0,0
0.26592,5.132e-15,8.089e-17,0.00068031,0.0043505,0.92727,1,59.52,59.52,0,0
0.26588,5.1313e-15,8.0878e-17,0.00067534,0.0043377,0.92724,1,59.644,59.644,0,0
0.26586,5.1308e-15,8.0871e-17,0.00067042,0.0043234,0.92721,1,59.768,59.768,0,0
0.26584,5.1304e-15,8.0865e-17,0.00066551,0.0043087,0.92718,1,59.892,59.892,0,0
0.26582,5.13e-15,8.0859e-17,0.00066061,0.0042939,0.92715,1,60.016,60.016,0,0
0.26582,5.1299e-15,8.0858e-17,0.00065583,0.0042782,0.92712,1,60.14,60.14,0,0
0.26581,5.1299e-15,8.0856e-17,0.00065104,0.0042624,0.92709,1,60.264,60.264,0,0
0.26582,5.1299e-15,8.0857e-17,0.00064632,0.0042465,0.92706,1,60.388,60.388,0,0
0.26583,5.1301e-15,8.086e-17,0.00064167,0.0042303,0.92702,1,60.512,60.512,0,0
0.26584,5.1303e-15,8.0864e-17,0.00063703,0.0042142,0.92699,1,60.636,60.636,0,0
0.26586,5.1307e-15,8.087e-17,0.00063253,0.004198,0.92696,1,60.76,60.76,0,0
0.26588,5.1312e-15,8.0878e-17,0.00062808,0.0041819,0.92693,1,60.884,60.884,0,0
0.26591,5.1317e-15,8.0886e-17,0.00062364,0.0041657,0.9269,1,61.008,61.008,0,0
0.26595,5.1325e-15,8.0898e-17,0.00061931,0.004149,0.92687,1,61.132,61.132,0,0
0.26599,5.1332e-15,8.091e-17,0.00061497,0.0041322,0.92683,1,61.256,61.256,0,0
0.26603,5.1341e-15,8.0923e-17,0.00061073,0.0041159,0.9268,1,61.38,61.38,0,0
0.26608,5.1351e-15,8.0938e-17,0.00060665,0.0041004,0.92677,1,61.504,61.504,0,0
0.26613,5.136e-15,8.0954e-17,0.00060258,0.0040848,0.92674,1,61.628,61.628,0,0
0.26619,5.1372e-15,8.0972e-17,0.00059859,0.0040691,0.92671,1,61.752,61.752,0,0
0.26625,5.1384e-15,8.0991e-17,0.00059464,0.0040532,0.92668,1,61.876,61.876,0,0
0.26632,5.1396e-15,8.101e-17,0.00059069,0.0040373,0.92664,1,62,62,0,0
0.26639,5.141e-15,8.1032e-17,0.00058688,0.0040219,0.92661,1,62.124,62.124,0,0
0.26646,5.1424e-15,8.1055e-17,0.00058306,0.0040064,0.92658,1,62.248,62.248,0,0
0.26654,5.1439e-15,8.1078e-17,0.00057927,0.0039905,0.92655,1,62.372,62.372,0,0
0.26662,5.1455e-15,8.1103e-17,0.0005755,0.0039737,0.92652,1,62.496,62.496,0,0
0.26671,5.1471e-15,8.1129e-17,0.00057173,0.0039568,0.92649,1,62.62,62.62,0,0
0.2668,5.1488e-15,8.1156e-17,0.00056802,0.0039398,0.92645,1,62.744,62.744,0,0
0.26689,5.1506e-15,8.1184e-17,0.00056435,0.0039227,0.92642,1,62.868,62.868,0,0
0.26698,5.1524e-15,8.1212e-17,0.00056067,0.0039056,0.92639,1,62.992,62.992,0,0
0.26708,5.1543e-15,8.1242e-17,0.0005571,0.0038885,0.92636,1,63.116,63.116,0,0
0.26718,5.1563e-15,8.1273e-17,0.00055354,0.0038713,0.92633,1,63.24,63.24,0,0
0.26728,5.1582e-15,8.1304e-17,0.00054999,0.003854,0.92629,1,63.364,63.364,0,0
0.26739,5.1603e-15,8.1337e-17,0.00054649,0.003836,0.92626,1,63.488,63.488,0,0
0.2675,5.1624e-15,8.137e-17,0.00054298,0.0038179,0.92623,1,63.612,63.612,0,0
0.26761,5.1646e-15,8.1404e-17,0.00053951,0.0037999,0.9262,1,63.736,63.736,0,0
0.26773,5.1668e-15,8.1439e-17,0.00053607,0.0037818,0.92617,1,63.86,63.86,0,0
0.26784,5.169e-15,8.1474e-17,0.00053264,0.0037638,0.92614,1,63.984,63.984,0,0
0.26796,5.1714e-15,8.1511e-17,0.0005292,0.0037444,0.9261,1,64.108,64.108,0,0
0.26809,5.1737e-15,8.1548e-17,0.00052577,0.0037248,0.92607,1,64.232,64.232,0,0
0.26821,5.1761e-15,8.1585e-17,0.00052231,0.0037047,0.92604,1,64.356,64.356,0,0
0.26833,5.1785e-15,8.1624e-17,0.00051874,0.0036819,0.92601,1,64.48,64.48,0,0
0.26846,5.181e-15,8.1662e-17,0.00051517,0.0036591,0.92598,1,64.604,64.604,0,0
0.26859,5.1835e-15,8.1701e-17,0.00051165,0.0036363,0.92595,1,64.728,64.728,0,0
0.26872,5.186e-15,8.1742e-17,0.00050819,0.0036135,0.92591,1,64.852,64.852,0,0
0.26885,5.1886e-15,8.1782e-17,0.00050473,0.0035907,0.92588,1,64.976,64.976,0,0
0.26899,5.1912e-15,8.1823e-17,0.00050146,0.0035693,0.92585,1,65.1,65.1,0,0
0.26913,5.1938e-15,8.1865e-17,0.00049824,0.0035482,0.92582,1,65.224,65.224,0,0
0.26926,5.1965e-15,8.1906e-17,0.000495,0.0035268,0.92579,1,65.348,65.348,0,0
0.26941,5.1992e-15,8.1949e-17,0.00049163,0.0035025,0.92576,1,65.472,65.472,0,0
0.26955,5.2019e-15,8.1992e-17,0.00048827,0.0034782,0.92573,1,65.596,65.596,0,0
0.26969,5.2047e-15,8.2035e-17,0.00048492,0.003453,0.92569,1,65.72,65.72,0,0
0.26983,5.2074e-15,8.2079e-17,0.00048157,0.0034266,0.92566,1,65.844,65.844,0,0
0.26998,5.2102e-15,8.2123e-17,0.00047821,0.0034002,0.92563,1,65.968,65.968,0,0
0.27013,5.2131e-15,8.2168e-17,0.00047475,0.0033713,0.9256,1,66.092,66.092,0,0
0.27027,5.216e-15,8.2213e-17,0.00047124,0.0033416,0.92557,1,66.216,66.216,0,0
0.27042,5.2188e-15,8.2259e-17,0.00046777,0.0033123,0.92554,1,66.34,66.34,0,0
0.27058,5.2218e-15,8.2305e-17,0.00046491,0.0032923,0.92551,1,66.464,66.464,0,0
0.27073,5.2247e-15,8.2352e-17,0.00046204,0.0032724,0.92548,1,66.588,66.588,0,0
0.27088,5.2277e-15,8.2399e-17,0.00045946,0.0032559,0.92544,1,66.712,66.712,0,0
0.27104,5.2307e-15,8.2446e-17,0.00045735,0.0032454,0.92541,1,66.836,66.836,0,0
0.2712,5.2338e-15,8.2494e-17,0.00045525,0.003235,0.92538,1,66.96,66.96,0,0
0.27136,5.2368e-15,8.2543e-17,0.0004532,0.0032267,0.92535,1,67.084,67.084,0,0
0.27152,5.2399e-15,8.2591e-17,0.00045118,0.0032193,0.92532,1,67.208,67.208,0,0
0.27168,5.243e-15,8.264e-17,0.00044916,0.003212,0.92529,1,67.332,67.332,0,0
0.27184,5.2462e-15,8.269e-17,0.00044725,0.0032107,0.92526,1,67.456,67.456,0,0
0.27201,5.2494e-15,8.2741e-17,0.00044534,0.0032094,0.92523,1,67.58,67.58,0,0
0.27217,5.2526e-15,8.2791e-17,0.00044322,0.003204,0.9252,1,67.704,67.704,0,0
0.27234,5.2558e-15,8.2842e-17,0.00044062,0.0031893,0.92517,1,67.828,67.828,0,0
0.27251,5.2591e-15,8.2893e-17,0.00043802,0.0031745,0.92514,1,67.952,67.952,0,0
0.27268,5.2624e-15,8.2945e-17,0.00043545,0.0031633,0.92511,1,68.076,68.076,0,0
0.27285,5.2657e-15,8.2998e-17,0.00043289,0.0031544,0.92508,1,68.2,68.2,0,0
0.27303,5.2691e-15,8.3051e-17,0.00043033,0.0031454,0.92505,1,68.324,68.324,0,0
0.2732,5.2725e-15,8.3105e-17,0.00042979,0.0031703,0.92502,1,68.448,68.448,0,0
0.27338,5.2759e-15,8.3159e-17,0.00042941,0.0031979,0.92499,1,68.572,68.572,0,0
0.27356,5.2793e-15,8.3213e-17,0.00042878,0.0032211,0.92496,1,68.696,68.696,0,0
0.27374,5.2828e-15,8.3267e-17,0.00042736,0.0032303,0.92493,1,68.82,68.82,0,0
0.27392,5.2863e-15,8.3322e-17,0.00042594,0.0032395,0.9249,1,68.944,68.944,0,0
0.2741,5.2897e-15,8.3377e-17,0.00042421,0.0032443,0.92487,1,69.068,69.068,0,0
0.27428,5.2932e-15,8.3432e-17,0.00042223,0.0032455,0.92484,1,69.192,69.192,0,0
0.27446,5.2967e-15,8.3487e-17,0.00042025,0.0032467,0.92481,1,69.316,69.316,0,0
0.27464,5.3002e-15,8.3542e-17,0.00042134,0.0032915,0.92478,1,69.44,69.44,0,0
0.27482,5.3038e-15,8.3598e-17,0.00042293,0.0033434,0.92475,1,69.564,69.564,0,0
0.27501,5.3073e-15,8.3653e-17,0.00042438,0.0033941,0.92472,1,69.688,69.688,0,0
0.27519,5.3108e-15,8.3708e-17,0.00042511,0.0034388,0.92469,1,69.812,69.812,0,0
0.27537,5.3143e-15,8.3763e-17,0.00042585,0.0034836,0.92467,1,69.936,69.936,0,0
0.27555,5.3177e-15,8.3818e-17,0.00042586,0.0035178,0.92464,1,70.06,70.06,0,0
0.27573,5.3212e-15,8.3872e-17,0.00042511,0.0035408,0.92461,1,70.184,70.184,0,0
0.27591,5.3246e-15,8.3926e-17,0.00042435,0.0035639,0.92458,1,70.308,70.308,0,0
0.27608,5.328e-15,8.398e-17,0.00042546,0.0036131,0.92455,1,70.432,70.432,0,0
0.27626,5.3314e-15,8.4034e-17,0.00042705,0.0036691,0.92452,1,70.556,70.556,0,0
0.27643,5.3348e-15,8.4087e-17,0.00042876,0.0037269,0.9245,1,70.68,70.68,0,0
0.27661,5.3382e-15,8.414e-17,0.00043141,0.0037999,0.92447,1,70.804,70.804,0,0
0.27678,5.3416e-15,8.4194e-17,0.00043405,0.0038729,0.92444,1,70.928,70.928,0,0
0.27696,5.3449e-15,8.4246e-17,0.00043646,0.003941,0.92441,1,71.052,71.052,0,0
0.27713,5.3482e-15,8.4299e-17,0.00043852,0.0040023,0.92438,1,71.176,71.176,0,0
0.2773,5.3516e-15,8.4351e-17,0.00044058,0.0040636,0.92436,1,71.3,71.3,0,0
0.27747,5.3548e-15,8.4402e-17,0.00044198,0.0040964,0.92433,1,71.424,71.424,0,0
0.27764,5.3581e-15,8.4454e-17,0.00044315,0.0041187,0.9243,1,71.548,71.548,0,0
0.27781,5.3613e-15,8.4505e-17,0.00044428,0.0041407,0.92428,1,71.672,71.672,0,0
0.27797,5.3645e-15,8.4555e-17,0.00044452,0.0041547,0.92425,1,71.796,71.796,0,0
0.27814,5.3677e-15,8.4605e-17,0.00044476,0.0041687,0.92422,1,71.92,71.92,0,0
0.2783,5.3709e-15,8.4655e-17,0.00044484,0.0041813,0.92419,1,72.044,72.044,0,0
0.27846,5.374e-15,8.4704e-17,0.00044463,0.0041915,0.92417,1,72.168,72.168,0,0
0.27862,5.3771e-15,8.4754e-17,0.00044443,0.0042017,0.92414,1,72.292,72.292,0,0
0.27878,5.3802e-15,8.4802e-17,0.00044538,0.0042329,0.92411,1,72.416,72.416,0,0
0.27894,5.3832e-15,8.485e-17,0.00044692,0.0042746,0.92409,1,72.54,72.54,0,0
0.2791,5.3863e-15,8.4898e-17,0.00044846,0.0043163,0.92406,1,72.664,72.664,0,0
0.27925,5.3892e-15,8.4944e-17,0.00044896,0.0043505,0.92404,1,72.788,72.788,0,0
0.2794,5.3921e-15,8.499e-17,0.00044943,0.0043846,0.92401,1,72.912,72.912,0,0
0.27955,5.395e-15,8.5036e-17,0.00044999,0.0044124,0.92398,1,73.036,73.036,0,0
0.2797,5.3978e-15,8.508e-17,0.00045075,0.004425,0.92396,1,73.16,73.16,0,0
0.27985,5.4007e-15,8.5125e-17,0.00045152,0.0044375,0.92393,1,73.284,73.284,0,0
0.27999,5.4035e-15,8.5169e-17,0.00045259,0.0044522,0.92391,1,73.408,73.408,0,0
0.28013,5.4062e-15,8.5213e-17,0.00045387,0.0044683,0.92388,1,73.532,73.532,0,0
0.28028,5.409e-15,8.5256e-17,0.00045514,0.0044844,0.92385,1,73.656,73.656,0,0
0.28042,5.4117e-15,8.5298e-17,0.00045634,0.0045028,0.92383,1,73.78,73.78,0,0
0.28055,5.4144e-15,8.5341e-17,0.00045754,0.0045214,0.9238,1,73.904,73.904,0,0
0.28069,5.417e-15,8.5382e-17,0.00045876,0.004543,0.92378,1,74.028,74.028,0,0
0.28082,5.4196e-15,8.5423e-17,0.00046011,0.004575,0.92375,1,74.152,74.152,0,0
0.28096,5.4221e-15,8.5463e-17,0.00046145,0.0046069,0.92372,1,74.276,74.276,0,0
0.28109,5.4247e-15,8.5503e-17,0.00046176,0.0046268,0.9237,1,74.4,74.4,0,0
0.28122,5.4271e-15,8.5542e-17,0.00046119,0.0046361,0.92367,1,74.524,74.524,0,0
0.28135,5.4296e-15,8.5581e-17,0.00046062,0.0046455,0.92364,1,74.648,74.648,0,0
0.28147,5.432e-15,8.5619e-17,0.00046048,0.0046594,0.92362,1,74.772,74.772,0,0
0.28159,5.4344e-15,8.5656e-17,0.00046042,0.0046741,0.92359,1,74.896,74.896,0,0
0.28172,5.4368e-15,8.5694e-17,0.00046038,0.0046833,0.92357,1,75.02,75.02,0,0
0.28183,5.439e-15,8.573e-17,0.0004604,0.0046635,0.92354,1,75.144,75.144,0,0
0.28195,5.4413e-15,8.5766e-17,0.00046042,0.0046438,0.92352,1,75.268,75.268,0,0
0.28207,5.4436e-15,8.5801e-17,0.00046048,0.0046314,0.92349,1,75.392,75.392,0,0
0.28218,5.4458e-15,8.5836e-17,0.00046057,0.0046271,0.92347,1,75.516,75.516,0,0
0.2823,5.448e-15,8.5871e-17,0.00046067,0.0046228,0.92344,1,75.64,75.64,0,0
0.28241,5.4501e-15,8.5904e-17,0.00046062,0.004636,0.92341,1,75.764,75.764,0,0
0.28252,5.4522e-15,8.5937e-17,0.00046053,0.0046541,0.92339,1,75.888,75.888,0,0
0.28262,5.4543e-15,8.597e-17,0.00046043,0.0046684,0.92336,1,76.012,76.012,0,0
0.28273,5.4564e-15,8.6003e-17,0.00046022,0.0046481,0.92334,1,76.136,76.136,0,0
0.28284,5.4584e-15,8.6035e-17,0.00046001,0.0046279,0.92331,1,76.26,76.26,0,0
0.28294,5.4604e-15,8.6067e-17,0.00045988,0.0045987,0.92329,1,76.384,76.384,0,0
0.28304,5.4624e-15,8.6097e-17,0.00045979,0.0045641,0.92326,1,76.508,76.508,0,0
0.28314,5.4643e-15,8.6128e-17,0.00046017,0.0045463,0.92324,1,76.632,76.632,0,0
0.28324,5.4662e-15,8.6157e-17,0.00046235,0.0045953,0.92321,1,76.756,76.756,0,0
0.28334,5.468e-15,8.6187e-17,0.00046454,0.0046444,0.92319,1,76.88,76.88,0,0
0.28343,5.4698e-15,8.6215e-17,0.00046642,0.0046918,0.92316,1,77.004,77.004,0,0
0.28352,5.4716e-15,8.6243e-17,0.00046824,0.0047389,0.92314,1,77.128,77.128,0,0
0.28361,5.4733e-15,8.627e-17,0.00046902,0.0047506,0.92311,1,77.252,77.252,0,0
0.2837,5.475e-15,8.6296e-17,0.0004687,0.0047244,0.92309,1,77.376,77.376,0,0
0.28378,5.4767e-15,8.6323e-17,0.00046856,0.0047025,0.92306,1,77.5,77.5,0,0
0.28387,5.4783e-15,8.6348e-17,0.00046919,0.0046995,0.92304,1,77.624,77.624,0,0
0.28395,5.4799e-15,8.6373e-17,0.00046983,0.0046965,0.92301,1,77.748,77.748,0,0
0.28403,5.4814e-15,8.6397e-17,0.00047062,0.0046961,0.92299,1,77.872,77.872,0,0
0.28411,5.4829e-15,8.6421e-17,0.00047141,0.0046959,0.92296,1,77.996,77.996,0,0
0.28418,5.4844e-15,8.6444e-17,0.00047233,0.0047043,0.92294,1,78.12,78.12,0,0
0.28426,5.4858e-15,8.6466e-17,0.0004733,0.0047159,0.92291,1,78.244,78.244,0,0
0.28433,5.4871e-15,8.6488e-17,0.00047579,0.0047582,0.92289,1,78.368,78.368,0,0
0.2844,5.4885e-15,8.6509e-17,0.00047951,0.0048252,0.92286,1,78.492,78.492,0,0
0.28446,5.4898e-15,8.6529e-17,0.0004829,0.0048889,0.92284,1,78.616,78.616,0,0
0.28453,5.491e-15,8.6549e-17,0.00048584,0.0049482,0.92281,1,78.74,78.74,0,0
0.28459,5.4923e-15,8.6569e-17,0.00048859,0.0050065,0.92279,1,78.864,78.864,0,0
0.28465,5.4934e-15,8.6587e-17,0.00049095,0.0050631,0.92277,1,78.988,78.988,0,0
0.28471,5.4946e-15,8.6605e-17,0.00049386,0.0051238,0.92274,1,79.112,79.112,0,0
0.28477,5.4957e-15,8.6622e-17,0.0004982,0.0051957,0.92272,1,79.236,79.236,0,0
0.28482,5.4967e-15,8.6639e-17,0.0005016,0.0052368,0.92269,1,79.36,79.36,0,0
0.28488,5.4977e-15,8.6655e-17,0.00050233,0.0051904,0.92267,1,79.484,79.484,0,0
0.28493,5.4987e-15,8.667e-17,0.00050242,0.0051298,0.92264,1,79.608,79.608,0,0
0.28497,5.4996e-15,8.6685e-17,0.00050087,0.0050328,0.92262,1,79.732,79.732,0,0
0.28502,5.5005e-15,8.6699e-17,0.00049978,0.0049554,0.9226,1,79.856,79.856,0,0
0.28506,5.5013e-15,8.6712e-17,0.00049955,0.0049164,0.92257,1,79.98,79.98,0,0
0.2851,5.5021e-15,8.6724e-17,0.00049964,0.0049022,0.92255,1,80.104,80.104,0,0
0.28514,5.5029e-15,8.6736e-17,0.00050014,0.0049209,0.92252,1,80.228,80.228,0,0
0.28518,5.5035e-15,8.6746e-17,0.00050078,0.0049345,0.9225,1,80.352,80.352,0,0
0.28521,5.5042e-15,8.6757e-17,0.00050152,0.0049442,0.92247,1,80.476,80.476,0,0
0.28524,5.5048e-15,8.6766e-17,0.00050253,0.0049132,0.92245,1,80.6,80.6,0,0
0.28527,5.5054e-15,8.6775e-17,0.00050363,0.0048663,0.92243,1,80.724,80.724,0,0
0.28529,5.5058e-15,8.6783e-17,0.00050465,0.0048558,0.9224,1,80.848,80.848,0,0
0.28532,5.5063e-15,8.679e-17,0.00050562,0.0048539,0.92238,1,80.972,80.972,0,0
0.28534,5.5067e-15,8.6796e-17,0.00050635,0.0048832,0.92235,1,81.096,81.096,0,0
0.28536,5.507e-15,8.6801e-17,0.00050735,0.0048946,0.92233,1,81.22,81.22,0,0
0.28537,5.5073e-15,8.6806e-17,0.00050876,0.0048795,0.92231,1,81.344,81.344,0,0
0.28538,5.5075e-15,8.6809e-17,0.00051045,0.0048433,0.92228,1,81.468,81.468,0,0
0.28539,5.5078e-15,8.6813e-17,0.0005123,0.0047992,0.92226,1,81.592,81.592,0,0
0.2854,5.5079e-15,8.6815e-17,0.00051628,0.0048197,0.92224,1,81.716,81.716,0,0
0.28541,5.508e-15,8.6817e-17,0.00052126,0.0048765,0.92221,1,81.84,81.84,0,0
0.28541,5.5081e-15,8.6818e-17,0.00052791,0.004994,0.92219,1,81.964,81.964,0,0
0.28541,5.5081e-15,8.6818e-17,0.000531,0.0050204,0.92217,1,82.088,82.088,0,0
0.28541,5.508e-15,8.6817e-17,0.00053285,0.0050154,0.92215,1,82.212,82.212,0,0
0.2854,5.508e-15,8.6816e-17,0.00053422,0.0049984,0.92212,1,82.336,82.336,0,0
0.2854,5.5078e-15,8.6814e-17,0.00053947,0.0050548,0.9221,1,82.46,82.46,0,0
0.28539,5.5076e-15,8.6811e-17,0.00054733,0.0051626,0.92208,1,82.584,82.584,0,0
0.28537,5.5073e-15,8.6806e-17,0.00055745,0.005329,0.92205,1,82.708,82.708,0,0
0.28535,5.5069e-15,8.68e-17,0.00056801,0.0055253,0.92203,1,82.832,82.832,0,0
0.28533,5.5065e-15,8.6792e-17,0.00057892,0.0057332,0.92201,1,82.956,82.956,0,0
0.2853,5.5059e-15,8.6783e-17,0.0005901,0.0058686,0.92198,1,83.08,83.08,0,0
0.28526,5.5052e-15,8.6773e-17,0.00060119,0.0059526,0.92196,1,83.204,83.204,0,0
0.28523,5.5045e-15,8.6762e-17,0.00061211,0.0060149,0.92193,1,83.328,83.328,0,0
0.28519,5.5038e-15,8.675e-17,0.00062264,0.0060888,0.92191,1,83.452,83.452,0,0
0.28514,5.5029e-15,8.6736e-17,0.0006337,0.0061937,0.92189,1,83.576,83.576,0,0
0.28509,5.5019e-15,8.6721e-17,0.00064214,0.0062678,0.92186,1,83.7,83.7,0,0
0.28504,5.5009e-15,8.6705e-17,0.00064691,0.0062913,0.92184,1,83.824,83.824,0,0
0.28499,5.4999e-15,8.6689e-17,0.00064683,0.0062398,0.92181,1,83.948,83.948,0,0
0.28493,5.4989e-15,8.6673e-17,0.00064778,0.006161,0.92179,1,84.072,84.072,0,0
0.28488,5.4978e-15,8.6656e-17,0.00064908,0.0060431,0.92176,1,84.196,84.196,0,0
0.28482,5.4968e-15,8.6639e-17,0.0006505,0.0058995,0.92174,1,84.32,84.32,0,0
0.28477,5.4957e-15,8.6623e-17,0.00065188,0.0057685,0.92171,1,84.444,84.444,0,0
0.28471,5.4946e-15,8.6606e-17,0.00065423,0.0057688,0.92168,1,84.568,84.568,0,0
0.28466,5.4936e-15,8.6589e-17,0.00066044,0.0058705,0.92165,1,84.692,84.692,0,0
0.2846,5.4925e-15,8.6572e-17,0.00067109,0.0060233,0.92163,1,84.816,84.816,0,0
0.28455,5.4915e-15,8.6556e-17,0.00068524,0.0061738,0.92159,1,84.94,84.94,0,0
0.2845,5.4905e-15,8.6541e-17,0.00069917,0.0062574,0.92156,1,85.064,85.064,0,0
0.28446,5.4897e-15,8.6528e-17,0.0007068,0.0062068,0.92153,1,85.188,85.188,0,0
0.28442,5.489e-15,8.6517e-17,0.00070798,0.0060183,0.92149,1,85.312,85.312,0,0
0.2844,5.4886e-15,8.6511e-17,0.00071576,0.0060288,0.92145,1,85.436,85.436,0,0
0.28439,5.4884e-15,8.6508e-17,0.00072297,0.0061391,0.9214,1,85.56,85.56,0,0
0.2844,5.4885e-15,8.6509e-17,0.00072909,0.0061705,0.92135,1,85.684,85.684,0,0
0.28442,5.489e-15,8.6517e-17,0.00074062,0.0062918,0.92129,1,85.808,85.808,0,0
0.28447,5.4899e-15,8.6531e-17,0.00075519,0.0064812,0.92122,1,85.932,85.932,0,0
0.28455,5.4914e-15,8.6556e-17,0.0007698,0.0065753,0.92114,1,86.056,86.056,0,0
0.28467,5.4938e-15,8.6592e-17,0.00078371,0.0065616,0.92105,1,86.18,86.18,0,0
0.28484,5.4971e-15,8.6644e-17,0.00079696,0.0065908,0.92094,1,86.304,86.304,0,0
0.28507,5.5016e-15,8.6716e-17,0.00080953,0.0067413,0.92081,1,86.428,86.428,0,0
0.28539,5.5077e-15,8.6811e-17,0.00082054,0.0068462,0.92066,1,86.552,86.552,0,0
0.2858,5.5156e-15,8.6937e-17,0.00082968,0.0068135,0.92047,1,86.676,86.676,0,0
0.28635,5.5262e-15,8.7104e-17,0.00083863,0.0067192,0.92025,1,86.8,86.8,0,0
0.28706,5.5399e-15,8.732e-17,0.00084774,0.0066106,0.91998,1,86.924,86.924,0,0
0.28796,5.5574e-15,8.7595e-17,0.00085781,0.0065022,0.91965,1,87.048,87.048,0,0
0.2891,5.5793e-15,8.7941e-17,0.00086889,0.0063978,0.91926,1,87.172,87.172,0,0
0.29053,5.6068e-15,8.8374e-17,0.00088094,0.0063055,0.91877,1,87.296,87.296,0,0
0.29232,5.6414e-15,8.8919e-17,0.0008938,0.0062307,0.91818,1,87.42,87.42,0,0
0.29459,5.6853e-15,8.9611e-17,0.00090873,0.0061833,0.91744,1,87.544,87.544,0,0
0.2974,5.7394e-15,9.0464e-17,0.00092652,0.0061595,0.91654,1,87.668,87.668,0,0
0.30084,5.8059e-15,9.1511e-17,0.00094736,0.0061478,0.91544,1,87.792,87.792,0,0
0.30524,5.8907e-15,9.2849e-17,0.00097293,0.006144,0.91403,1,87.916,87.916,0,0
0.31061,5.9944e-15,9.4483e-17,0.0010039,0.0061447,0.9123,1,88.04,88.04,0,0
0.31731,6.1238e-15,9.6522e-17,0.0010433,0.0061526,0.91011,1,88.164,88.164,0,0
0.32564,6.2845e-15,9.9056e-17,0.0010949,0.0061741,0.90736,1,88.288,88.288,0,0
0.33597,6.4838e-15,1.022e-16,0.0011645,0.0062207,0.90386,1,88.412,88.412,0,0
0.34878,6.731e-15,1.0609e-16,0.0012608,0.0063097,0.89941,1,88.536,88.536,0,0
0.36477,7.0396e-15,1.1096e-16,0.0013995,0.0064702,0.89364,1,88.66,88.66,0,0
0.38441,7.4186e-15,1.1693e-16,0.0015979,0.0067305,0.88628,1,88.784,88.784,0,0
0.40889,7.8911e-15,1.2438e-16,0.0018961,0.0071482,0.87663,1,88.908,88.908,0,0
0.43921,8.4763e-15,1.336e-16,0.0023513,0.0077881,0.86396,1,89.032,89.032,0,0
0.47643,9.1945e-15,1.4492e-16,0.0030505,0.0087293,0.84736,1,89.156,89.156,0,0
0.52191,1.0072e-14,1.5876e-16,0.0041408,0.010087,0.82552,1,89.28,89.28,0,0
0.57705,1.1136e-14,1.7553e-16,0.0058586,0.012026,0.79679,1,89.404,89.404,0,0
0.64302,1.2409e-14,1.956e-16,0.0085595,0.014766,0.75927,1,89.528,89.528,0,0
0.72019,1.3899e-14,2.1907e-16,0.012688,0.01851,0.71103,1,89.652,89.652,0,0
0.8072,1.5578e-14,2.4554e-16,0.018433,0.023042,0.65054,1,89.776,89.776,0,0
0.90039,1.7376e-14,2.7389e-16,0.025174,0.02743,0.57678,1,89.9,89.9,0,0
0.99281,1.916e-14,3.02e-16,0.031439,0.030564,0.49136,1,90.024,90.024,0,0
1.0797,2.0837e-14,3.2843e-16,0.036278,0.0321,0.39858,1,90.148,90.148,0,0
1.1551,2.2293e-14,3.5138e-16,0.039652,0.032721,0.31071,1,90.272,90.272,0,0
1.2181,2.3509e-14,3.7054e-16,0.041699,0.032982,0.23313,1,90.396,90.396,0,0
1.268,2.4471e-14,3.8571e-16,0.041988,0.031929,0.16933,1,90.52,90.52,0,0
1.3058,2.52e-14,3.972e-16,0.041204,0.030996,0.11999,1,90.644,90.644,0,0
1.3329,2.5723e-14,4.0544e-16,0.038781,0.028364,0.084212,1,90.768,90.768,0,0
1.3517,2.6086e-14,4.1117e-16,0.034928,0.024981,0.059834,1,90.892,90.892,0,0
1.3639,2.6323e-14,4.1489e-16,0.030627,0.020928,0.044773,1,91.016,91.016,0,0
1.3711,2.6461e-14,4.1708e-16,0.026905,0.017187,0.036842,1,91.14,91.14,0,0
1.3745,2.6527e-14,4.1812e-16,0.024238,0.014352,0.034135,1,91.264,91.264,0,0
1.3752,2.654e-14,4.1832e-16,0.022506,0.012521,0.035129,1,91.388,91.388,0,0
1.374,2.6516e-14,4.1794e-16,0.021375,0.011419,0.038631,1,91.512,91.512,0,0
1.3715,2.6469e-14,4.172e-16,0.020564,0.01071,0.043754,1,91.636,91.636,0,0
1.3683,2.6407e-14,4.1623e-16,0.019888,0.010181,0.049839,1,91.76,91.76,0,0
1.3647,2.6338e-14,4.1514e-16,0.019208,0.0097344,0.056411,1,91.884,91.884,0,0
1.361,2.6266e-14,4.14e-16,0.018422,0.0093044,0.063097,1,92.008,92.008,0,0
1.3573,2.6194e-14,4.1287e-16,0.017478,0.0088578,0.069677,1,92.132,92.132,0,0
1.3537,2.6124e-14,4.1176e-16,0.016353,0.0083757,0.075944,1,92.256,92.256,0,0
1.3502,2.6057e-14,4.107e-16,0.015097,0.0078638,0.081877,1,92.38,92.38,0,0
1.3469,2.5993e-14,4.097e-16,0.01377,0.0073409,0.087402,1,92.504,92.504,0,0
1.3438,2.5933e-14,4.0876e-16,0.012449,0.0068281,0.092535,1,92.628,92.628,0,0
1.3409,2.5877e-14,4.0788e-16,0.011207,0.006354,0.097278,1,92.752,92.752,0,0
1.3383,2.5827e-14,4.0708e-16,0.010131,0.0059584,0.10161,1,92.876,92.876,0,0
1.3358,2.578e-14,4.0634e-16,0.0092285,0.0056429,0.10562,1,93,93,0,0
1.3336,2.5737e-14,4.0567e-16,0.008497,0.0053935,0.10927,1,93.124,93.124,0,0
1.3316,2.5698e-14,4.0506e-16,0.0079491,0.0052103,0.11253,1,93.248,93.248,0,0
1.3298,2.5663e-14,4.045e-16,0.0075484,0.0050759,0.11544,1,93.372,93.372,0,0
1.3281,2.563e-14,4.0399e-16,0.007281,0.0049992,0.11807,1,93.496,93.496,0,0
1.3265,2.5601e-14,4.0352e-16,0.0071614,0.005011,0.12049,1,93.62,93.62,0,0
1.3251,2.5574e-14,4.0309e-16,0.0071236,0.0050361,0.12272,1,93.744,93.744,0,0
1.3239,2.5549e-14,4.027e-16,0.0071179,0.0050488,0.12476,1,93.868,93.868,0,0
1.3227,2.5527e-14,4.0235e-16,0.0071436,0.0050836,0.12659,1,93.992,93.992,0,0
1.3217,2.5506e-14,4.0203e-16,0.0071495,0.0050798,0.12822,1,94.116,94.116,0,0
1.3207,2.5487e-14,4.0173e-16,0.007152,0.0050707,0.12968,1,94.24,94.24,0,0
1.3197,2.5469e-14,4.0144e-16,0.0072109,0.0051069,0.131,1,94.364,94.364,0,0
1.3188,2.5452e-14,4.0117e-16,0.0073064,0.0051758,0.13221,1,94.488,94.488,0,0
1.3179,2.5435e-14,4.009e-16,0.0074123,0.0052456,0.13333,1,94.612,94.612,0,0
1.3171,2.5419e-14,4.0065e-16,0.0075124,0.0052983,0.13432,1,94.736,94.736,0,0
1.3164,2.5404e-14,4.0042e-16,0.0076174,0.0053577,0.13517,1,94.86,94.86,0,0
1.3156,2.539e-14,4.002e-16,0.0077233,0.0054418,0.13587,1,94.984,94.984,0,0
1.3149,2.5376e-14,3.9998e-16,0.0078555,0.0055342,0.13647,1,95.108,95.108,0,0
1.3142,2.5362e-14,3.9976e-16,0.0079967,0.0056677,0.13697,1,95.232,95.232,0,0
1.3134,2.5348e-14,3.9953e-16,0.0080739,0.0058158,0.13739,1,95.356,95.356,0,0
1.3127,2.5333e-14,3.9929e-16,0.0081563,0.0060491,0.13774,1,95.48,95.48,0,0
1.3118,2.5317e-14,3.9904e-16,0.0082509,0.0063266,0.13802,1,95.604,95.604,0,0
1.311,2.53e-14,3.9878e-16,0.008293,0.006531,0.13826,1,95.728,95.728,0,0
1.31,2.5282e-14,3.985e-16,0.0082777,0.0066645,0.13847,1,95.852,95.852,0,0
1.309,2.5263e-14,3.9819e-16,0.0082316,0.0067471,0.13865,1,95.976,95.976,0,0
1.308,2.5243e-14,3.9787e-16,0.0081946,0.0068463,0.13878,1,96.1,96.1,0,0
1.3069,2.5222e-14,3.9755e-16,0.0082176,0.0070413,0.13885,1,96.224,96.224,0,0
1.3058,2.5201e-14,3.9721e-16,0.0082862,0.0073047,0.13888,1,96.348,96.348,0,0
1.3047,2.5179e-14,3.9687e-16,0.0082379,0.0073621,0.13887,1,96.472,96.472,0,0
1.3036,2.5158e-14,3.9653e-16,0.0082013,0.0074325,0.13884,1,96.596,96.596,0,0
1.3025,2.5136e-14,3.9619e-16,0.0081837,0.0075223,0.1388,1,96.72,96.72,0,0
1.3013,2.5114e-14,3.9584e-16,0.0081701,0.0076075,0.13875,1,96.844,96.844,0,0
1.3002,2.5092e-14,3.9549e-16,0.0080912,0.0075789,0.1387,1,96.968,96.968,0,0
1.299,2.507e-14,3.9515e-16,0.0080194,0.0074959,0.13862,1,97.092,97.092,0,0
1.2979,2.5048e-14,3.9481e-16,0.0079653,0.0073911,0.13852,1,97.216,97.216,0,0
1.2968,2.5027e-14,3.9447e-16,0.0079402,0.0072765,0.1384,1,97.34,97.34,0,0
1.2957,2.5006e-14,3.9415e-16,0.0079357,0.0072239,0.13823,1,97.464,97.464,0,0
1.2947,2.4986e-14,3.9383e-16,0.007896,0.0071484,0.13805,1,97.588,97.588,0,0
1.2937,2.4966e-14,3.9352e-16,0.0078078,0.0070351,0.13785,1,97.712,97.712,0,0
1.2927,2.4947e-14,3.9321e-16,0.0077471,0.0070234,0.1376,1,97.836,97.836,0,0
1.2917,2.4928e-14,3.9291e-16,0.0077005,0.0070089,0.13734,1,97.96,97.96,0,0
1.2907,2.4909e-14,3.9261e-16,0.0076717,0.0069805,0.13706,1,98.084,98.084,0,0
1.2897,2.4889e-14,3.9231e-16,0.0076429,0.0069052,0.13676,1,98.208,98.208,0,0
1.2887,2.487e-14,3.92e-16,0.0076307,0.0068544,0.13646,1,98.332,98.332,0,0
1.2876,2.4849e-14,3.9167e-16,0.0076648,0.0068949,0.13614,1,98.456,98.456,0,0
1.2866,2.483e-14,3.9136e-16,0.0076894,0.0069496,0.1358,1,98.58,98.58,0,0
1.2856,2.4811e-14,3.9106e-16,0.0077088,0.0070123,0.13547,1,98.704,98.704,0,0
1.2846,2.4791e-14,3.9076e-16,0.007719,0.0070549,0.13512,1,98.828,98.828,0,0
1.2836,2.4772e-14,3.9045e-16,0.0076973,0.007029,0.13474,1,98.952,98.952,0,0
1.2826,2.4752e-14,3.9014e-16,0.0076756,0.0070031,0.13436,1,99.076,99.076,0,0
1.2816,2.4732e-14,3.8983e-16,0.0076361,0.0069307,0.13396,1,99.2,99.2,0,0
1.2805,2.4713e-14,3.8952e-16,0.0075923,0.0068473,0.13355,1,99.324,99.324,0,0
1.2795,2.4693e-14,3.8921e-16,0.0075573,0.0067934,0.13315,1,99.448,99.448,0,0
1.2785,2.4674e-14,3.889e-16,0.0075362,0.0067865,0.13274,1,99.572,99.572,0,0
1.2775,2.4654e-14,3.8859e-16,0.0075151,0.0067795,0.13232,1,99.696,99.696,0,0
1.2765,2.4634e-14,3.8829e-16,0.0075138,0.0067866,0.13191,1,99.82,99.82,0,0
1.2755,2.4615e-14,3.8798e-16,0.0075131,0.0067941,0.13149,1,99.944,99.944,0,0
1.2745,2.4595e-14,3.8767e-16,0.0075137,0.0067968,0.13107,1,100.07,100.07,0,0
1.2734,2.4576e-14,3.8736e-16,0.0075154,0.0067954,0.13064,1,100.19,100.19,0,0
1.2724,2.4556e-14,3.8706e-16,0.0075194,0.0067957,0.1302,1,100.32,100.32,0,0
1.2714,2.4537e-14,3.8675e-16,0.0075394,0.0068078,0.12975,1,100.44,100.44,0,0
1.2704,2.4518e-14,3.8645e-16,0.0075593,0.0068198,0.1293,1,100.56,100.56,0,0
1.2695,2.4499e-14,3.8615e-16,0.0075649,0.0068174,0.12883,1,100.69,100.69,0,0
1.2685,2.448e-14,3.8586e-16,0.0075647,0.0068091,0.12835,1,100.81,100.81,0,0
1.2675,2.4462e-14,3.8557e-16,0.0075629,0.0068003,0.12787,1,100.94,100.94,0,0
1.2666,2.4443e-14,3.8528e-16,0.0075572,0.0067904,0.12738,1,101.06,101.06,0,0
1.2656,2.4425e-14,3.8499e-16,0.0075514,0.0067804,0.12688,1,101.18,101.18,0,0
1.2647,2.4407e-14,3.847e-16,0.007552,0.0067736,0.12637,1,101.31,101.31,0,0
1.2637,2.4388e-14,3.8441e-16,0.0075535,0.0067673,0.12586,1,101.43,101.43,0,0
1.2628,2.437e-14,3.8412e-16,0.0075501,0.0067526,0.12535,1,101.56,101.56,0,0
1.2618,2.4351e-14,3.8382e-16,0.0075409,0.0067276,0.12483,1,101.68,101.68,0,0
1.2608,2.4332e-14,3.8352e-16,0.0075329,0.0067039,0.12432,1,101.8,101.8,0,0
1.2598,2.4313e-14,3.8322e-16,0.0075605,0.0067178,0.1238,1,101.93,101.93,0,0
1.2588,2.4293e-14,3.8291e-16,0.0075882,0.0067316,0.12328,1,102.05,102.05,0,0
1.2578,2.4273e-14,3.8259e-16,0.0076352,0.0067666,0.12275,1,102.18,102.18,0,0
1.2567,2.4253e-14,3.8227e-16,0.0076943,0.0068149,0.12223,1,102.3,102.3,0,0
1.2557,2.4233e-14,3.8195e-16,0.0077576,0.0068672,0.12171,1,102.42,102.42,0,0
1.2546,2.4212e-14,3.8162e-16,0.007838,0.006936,0.12118,1,102.55,102.55,0,0
1.2535,2.419e-14,3.8129e-16,0.0079185,0.0070048,0.12065,1,102.67,102.67,0,0
1.2523,2.4169e-14,3.8094e-16,0.0080113,0.0070876,0.12011,1,102.8,102.8,0,0
1.2512,2.4146e-14,3.806e-16,0.0081077,0.0071744,0.11957,1,102.92,102.92,0,0
1.25,2.4124e-14,3.8024e-16,0.0082086,0.0072687,0.11902,1,103.04,103.04,0,0
1.2488,2.4101e-14,3.7987e-16,0.0083177,0.0073766,0.11846,1,103.17,103.17,0,0
1.2476,2.4078e-14,3.7951e-16,0.0084267,0.0074845,0.1179,1,103.29,103.29,0,0
1.2464,2.4054e-14,3.7913e-16,0.0085392,0.0076026,0.11733,1,103.42,103.42,0,0
1.2451,2.403e-14,3.7875e-16,0.0086519,0.0077215,0.11676,1,103.54,103.54,0,0
1.2439,2.4005e-14,3.7837e-16,0.0087598,0.0078359,0.11619,1,103.66,103.66,0,0
1.2426,2.3981e-14,3.7798e-16,0.008863,0.0079462,0.1156,1,103.79,103.79,0,0
1.2413,2.3956e-14,3.7759e-16,0.0089644,0.008055,0.11502,1,103.91,103.91,0,0
1.24,2.3931e-14,3.772e-16,0.0090479,0.0081501,0.11443,1,104.04,104.04,0,0
1.2387,2.3906e-14,3.768e-16,0.0091314,0.0082452,0.11384,1,104.16,104.16,0,0
1.2374,2.3881e-14,3.7641e-16,0.0091941,0.0083258,0.11324,1,104.28,104.28,0,0
1.2361,2.3856e-14,3.7602e-16,0.009247,0.0083996,0.11264,1,104.41,104.41,0,0
1.2349,2.3831e-14,3.7562e-16,0.009292,0.0084642,0.11203,1,104.53,104.53,0,0
1.2336,2.3807e-14,3.7524e-16,0.0093141,0.0085023,0.11141,1,104.66,104.66,0,0
1.2323,2.3782e-14,3.7485e-16,0.0093361,0.0085404,0.1108,1,104.78,104.78,0,0
1.2311,2.3758e-14,3.7447e-16,0.0093465,0.0085621,0.11018,1,104.9,104.9,0,0
1.2298,2.3734e-14,3.7409e-16,0.0093546,0.0085807,0.10956,1,105.03,105.03,0,0
1.2286,2.371e-14,3.7372e-16,0.0093563,0.0085968,0.10893,1,105.15,105.15,0,0
1.2274,2.3687e-14,3.7336e-16,0.0093493,0.0086094,0.10831,1,105.28,105.28,0,0
1.2262,2.3664e-14,3.7299e-16,0.0093423,0.008622,0.10768,1,105.4,105.4,0,0
1.225,2.3642e-14,3.7264e-16,0.0093138,0.0086231,0.10706,1,105.52,105.52,0,0
1.2239,2.3619e-14,3.7229e-16,0.0092853,0.0086241,0.10643,1,105.65,105.65,0,0
1.2227,2.3597e-14,3.7194e-16,0.0092471,0.008619,0.1058,1,105.77,105.77,0,0
1.2216,2.3576e-14,3.716e-16,0.0092019,0.0086093,0.10516,1,105.9,105.9,0,0
1.2205,2.3554e-14,3.7126e-16,0.0091549,0.0085986,0.10452,1,106.02,106.02,0,0
1.2194,2.3534e-14,3.7093e-16,0.0090985,0.008582,0.10388,1,106.14,106.14,0,0
1.2184,2.3513e-14,3.7061e-16,0.0090422,0.0085654,0.10324,1,106.27,106.27,0,0
1.2173,2.3492e-14,3.7028e-16,0.008981,0.0085459,0.10259,1,106.39,106.39,0,0
1.2163,2.3472e-14,3.6997e-16,0.0089182,0.0085254,0.10195,1,106.52,106.52,0,0
1.2152,2.3452e-14,3.6965e-16,0.0088543,0.0085041,0.1013,1,106.64,106.64,0,0
1.2142,2.3433e-14,3.6935e-16,0.0087881,0.0084812,0.10065,1,106.76,106.76,0,0
1.2132,2.3413e-14,3.6904e-16,0.0087219,0.0084583,0.099997,1,106.89,106.89,0,0
1.2122,2.3395e-14,3.6874e-16,0.0086555,0.0084353,0.099339,1,107.01,107.01,0,0
1.2113,2.3376e-14,3.6845e-16,0.0085891,0.0084124,0.098681,1,107.14,107.14,0,0
1.2103,2.3358e-14,3.6816e-16,0.0085233,0.0083896,0.098018,1,107.26,107.26,0,0
1.2094,2.334e-14,3.6788e-16,0.0084581,0.0083672,0.09735,1,107.38,107.38,0,0
1.2085,2.3322e-14,3.676e-16,0.008393,0.0083447,0.096682,1,107.51,107.51,0,0
1.2076,2.3305e-14,3.6733e-16,0.0083293,0.0083223,0.096006,1,107.63,107.63,0,0
1.2067,2.3288e-14,3.6706e-16,0.0082656,0.0082999,0.09533,1,107.76,107.76,0,0
1.2058,2.3271e-14,3.6679e-16,0.0082021,0.0082763,0.09465,1,107.88,107.88,0,0
1.205,2.3254e-14,3.6654e-16,0.0081386,0.0082519,0.09397,1,108,108,0,0
1.2041,2.3238e-14,3.6628e-16,0.0080747,0.0082264,0.093288,1,108.13,108.13,0,0
1.2033,2.3223e-14,3.6603e-16,0.0080092,0.0081972,0.092605,1,108.25,108.25,0,0
1.2025,2.3207e-14,3.6579e-16,0.0079438,0.008168,0.091922,1,108.38,108.38,0,0
1.2018,2.3192e-14,3.6556e-16,0.0078748,0.0081328,0.091235,1,108.5,108.5,0,0
1.201,2.3178e-14,3.6532e-16,0.0078051,0.0080961,0.090548,1,108.62,108.62,0,0
1.2002,2.3163e-14,3.651e-16,0.0077331,0.0080559,0.08986,1,108.75,108.75,0,0
1.1995,2.315e-14,3.6488e-16,0.0076576,0.0080102,0.08917,1,108.87,108.87,0,0
1.1988,2.3136e-14,3.6466e-16,0.0075821,0.0079644,0.08848,1,109,109,0,0
1.1982,2.3123e-14,3.6446e-16,0.0075006,0.0079097,0.08779,1,109.12,109.12,0,0
1.1975,2.311e-14,3.6426e-16,0.007419,0.0078546,0.087101,1,109.24,109.24,0,0
1.1969,2.3098e-14,3.6407e-16,0.0073346,0.0077954,0.086409,1,109.37,109.37,0,0
1.1963,2.3086e-14,3.6388e-16,0.007248,0.0077327,0.085715,1,109.49,109.49,0,0
1.1957,2.3075e-14,3.637e-16,0.007161,0.0076693,0.08502,1,109.62,109.62,0,0
1.1951,2.3064e-14,3.6354e-16,0.0070714,0.0076016,0.084318,1,109.74,109.74,0,0
1.1946,2.3054e-14,3.6337e-16,0.0069818,0.0075338,0.083616,1,109.86,109.86,0,0
1.1941,2.3044e-14,3.6321e-16,0.006892,0.0074647,0.082909,1,109.99,109.99,0,0
1.1936,2.3034e-14,3.6306e-16,0.0068021,0.0073951,0.0822,1,110.11,110.11,0,0
1.1931,2.3025e-14,3.6292e-16,0.0067129,0.007326,0.081489,1,110.24,110.24,0,0
1.1926,2.3017e-14,3.6279e-16,0.0066256,0.0072581,0.080773,1,110.36,110.36,0,0
1.1922,2.3008e-14,3.6265e-16,0.0065383,0.0071902,0.080058,1,110.48,110.48,0,0
1.1918,2.3e-14,3.6253e-16,0.0064552,0.007126,0.079339,1,110.61,110.61,0,0
1.1914,2.2993e-14,3.6241e-16,0.0063727,0.0070624,0.078619,1,110.73,110.73,0,0
1.191,2.2986e-14,3.623e-16,0.0062932,0.0070019,0.077899,1,110.86,110.86,0,0
1.1907,2.2979e-14,3.6219e-16,0.0062176,0.0069451,0.07718,1,110.98,110.98,0,0
1.1903,2.2972e-14,3.6208e-16,0.0061422,0.0068886,0.076461,1,111.1,111.1,0,0
1.19,2.2966e-14,3.6199e-16,0.0060749,0.0068403,0.075747,1,111.23,111.23,0,0
1.1897,2.296e-14,3.6189e-16,0.0060075,0.0067921,0.075033,1,111.35,111.35,0,0
1.1894,2.2954e-14,3.618e-16,0.0059455,0.0067494,0.07432,1,111.48,111.48,0,0
1.1891,2.2948e-14,3.6171e-16,0.0058869,0.0067103,0.073608,1,111.6,111.6,0,0
1.1888,2.2943e-14,3.6162e-16,0.00583,0.0066729,0.072895,1,111.72,111.72,0,0
1.1885,2.2937e-14,3.6154e-16,0.0057802,0.0066428,0.072179,1,111.85,111.85,0,0
1.1883,2.2932e-14,3.6146e-16,0.0057304,0.0066126,0.071462,1,111.97,111.97,0,0
1.188,2.2927e-14,3.6138e-16,0.0056871,0.0065893,0.070741,1,112.1,112.1,0,0
1.1878,2.2923e-14,3.6131e-16,0.0056458,0.0065679,0.070017,1,112.22,112.22,0,0
1.1875,2.2918e-14,3.6123e-16,0.005607,0.0065491,0.069292,1,112.34,112.34,0,0
1.1873,2.2914e-14,3.6116e-16,0.0055732,0.0065351,0.068564,1,112.47,112.47,0,0
1.1871,2.2909e-14,3.611e-16,0.0055393,0.0065211,0.067837,1,112.59,112.59,0,0
1.1869,2.2905e-14,3.6103e-16,0.0055114,0.0065128,0.067108,1,112.72,112.72,0,0
1.1867,2.2901e-14,3.6096e-16,0.0054838,0.0065048,0.066379,1,112.84,112.84,0,0
1.1864,2.2897e-14,3.609e-16,0.0054588,0.0064992,0.065649,1,112.96,112.96,0,0
1.1862,2.2893e-14,3.6084e-16,0.0054364,0.0064958,0.064918,1,113.09,113.09,0,0
1.186,2.2889e-14,3.6078e-16,0.0054142,0.0064926,0.064186,1,113.21,113.21,0,0
1.1858,2.2885e-14,3.6072e-16,0.0053951,0.0064917,0.063452,1,113.34,113.34,0,0
1.1857,2.2882e-14,3.6066e-16,0.005376,0.0064908,0.062718,1,113.46,113.46,0,0
1.1855,2.2878e-14,3.606e-16,0.0053581,0.00649,0.061983,1,113.58,113.58,0,0
1.1853,2.2874e-14,3.6054e-16,0.0053407,0.0064894,0.061248,1,113.71,113.71,0,0
1.1851,2.2871e-14,3.6049e-16,0.0053235,0.0064885,0.060513,1,113.83,113.83,0,0
1.1849,2.2867e-14,3.6044e-16,0.0053069,0.0064871,0.059778,1,113.96,113.96,0,0
1.1847,2.2864e-14,3.6038e-16,0.0052903,0.0064856,0.059042,1,114.08,114.08,0,0
1.1846,2.2861e-14,3.6033e-16,0.0052731,0.0064822,0.058305,1,114.2,114.2,0,0
1.1844,2.2858e-14,3.6028e-16,0.0052559,0.0064783,0.057568,1,114.33,114.33,0,0
1.1843,2.2855e-14,3.6023e-16,0.0052383,0.0064734,0.05683,1,114.45,114.45,0,0
1.1841,2.2852e-14,3.6019e-16,0.0052203,0.0064672,0.05609,1,114.58,114.58,0,0
1.1839,2.2849e-14,3.6014e-16,0.0052024,0.006461,0.055351,1,114.7,114.7,0,0
1.1838,2.2846e-14,3.601e-16,0.0051829,0.0064517,0.054612,1,114.82,114.82,0,0
1.1837,2.2843e-14,3.6005e-16,0.0051635,0.0064424,0.053874,1,114.95,114.95,0,0
1.1835,2.2841e-14,3.6001e-16,0.0051432,0.0064313,0.053138,1,115.07,115.07,0,0
1.1834,2.2838e-14,3.5998e-16,0.0051222,0.006419,0.052404,1,115.2,115.2,0,0
1.1833,2.2836e-14,3.5994e-16,0.0051011,0.0064064,0.051671,1,115.32,115.32,0,0
1.1832,2.2834e-14,3.599e-16,0.0050791,0.006392,0.050941,1,115.44,115.44,0,0
1.183,2.2831e-14,3.5987e-16,0.005057,0.0063777,0.050212,1,115.57,115.57,0,0
1.1829,2.2829e-14,3.5983e-16,0.0050339,0.0063617,0.049482,1,115.69,115.69,0,0
1.1828,2.2827e-14,3.598e-16,0.0050105,0.006345,0.048753,1,115.82,115.82,0,0
1.1827,2.2825e-14,3.5977e-16,0.004987,0.0063282,0.048022,1,115.94,115.94,0,0
1.1826,2.2823e-14,3.5974e-16,0.0049633,0.006311,0.047289,1,116.06,116.06,0,0
1.1825,2.2821e-14,3.5971e-16,0.0049396,0.0062938,0.046555,1,116.19,116.19,0,0
1.1825,2.282e-14,3.5968e-16,0.0049157,0.0062761,0.045818,1,116.31,116.31,0,0
1.1824,2.2818e-14,3.5966e-16,0.0048917,0.0062583,0.045081,1,116.44,116.44,0,0
1.1823,2.2817e-14,3.5964e-16,0.004868,0.0062407,0.044342,1,116.56,116.56,0,0
1.1822,2.2816e-14,3.5962e-16,0.0048445,0.0062233,0.043603,1,116.68,116.68,0,0
1.1822,2.2814e-14,3.596e-16,0.0048211,0.006206,0.042863,1,116.81,116.81,0,0
1.1821,2.2813e-14,3.5958e-16,0.0047989,0.0061905,0.042123,1,116.93,116.93,0,0
1.182,2.2812e-14,3.5956e-16,0.0047767,0.0061749,0.041383,1,117.06,117.06,0,0
1.182,2.2811e-14,3.5955e-16,0.0047553,0.0061605,0.040641,1,117.18,117.18,0,0
1.182,2.281e-14,3.5953e-16,0.0047343,0.0061469,0.0399,1,117.3,117.3,0,0
1.1819,2.2809e-14,3.5952e-16,0.0047139,0.0061342,0.039158,1,117.43,117.43,0,0
1.1819,2.2809e-14,3.5951e-16,0.0046954,0.0061248,0.038415,1,117.55,117.55,0,0
1.1818,2.2808e-14,3.595e-16,0.0046768,0.0061154,0.037672,1,117.68,117.68,0,0
1.1818,2.2807e-14,3.5949e-16,0.0046594,0.0061082,0.036931,1,117.8,117.8,0,0
1.1818,2.2807e-14,3.5948e-16,0.0046422,0.0061016,0.03619,1,117.92,117.92,0,0
1.1817,2.2806e-14,3.5947e-16,0.0046255,0.006096,0.035449,1,118.05,118.05,0,0
1.1817,2.2806e-14,3.5946e-16,0.0046095,0.006092,0.03471,1,118.17,118.17,0,0
1.1817,2.2805e-14,3.5945e-16,0.0045935,0.006088,0.03397,1,118.3,118.3,0,0
1.1817,2.2805e-14,3.5945e-16,0.0045775,0.0060845,0.033232,1,118.42,118.42,0,0
1.1817,2.2805e-14,3.5944e-16,0.0045615,0.0060809,0.032493,1,118.54,118.54,0,0
1.1817,2.2804e-14,3.5944e-16,0.0045451,0.006077,0.031755,1,118.67,118.67,0,0
1.1816,2.2804e-14,3.5944e-16,0.0045283,0.0060728,0.031016,1,118.79,118.79,0,0
1.1816,2.2804e-14,3.5944e-16,0.0045114,0.0060685,0.030278,1,118.92,118.92,0,0
1.1816,2.2804e-14,3.5944e-16,0.0044939,0.0060634,0.029539,1,119.04,119.04,0,0
1.1816,2.2804e-14,3.5943e-16,0.0044764,0.0060584,0.028799,1,119.16,119.16,0,0
1.1816,2.2804e-14,3.5944e-16,0.0044579,0.0060516,0.028058,1,119.29,119.29,0,0
1.1816,2.2804e-14,3.5944e-16,0.0044389,0.006044,0.027317,1,119.41,119.41,0,0
1.1817,2.2804e-14,3.5944e-16,0.0044196,0.0060357,0.026574,1,119.54,119.54,0,0
1.1817,2.2805e-14,3.5945e-16,0.0043995,0.0060258,0.025829,1,119.66,119.66,0,0
1.1817,2.2805e-14,3.5946e-16,0.0043794,0.0060159,0.025085,1,119.78,119.78,0,0
1.1817,2.2806e-14,3.5946e-16,0.0043579,0.0060029,0.024338,1,119.91,119.91,0,0
1.1818,2.2807e-14,3.5947e-16,0.0043362,0.0059894,0.02359,1,120.03,120.03,0,0
1.1818,2.2807e-14,3.5949e-16,0.0043139,0.0059745,0.022842,1,120.16,120.16,0,0
1.1818,2.2808e-14,3.595e-16,0.0042908,0.005958,0.022094,1,120.28,120.28,0,0
1.1819,2.2809e-14,3.5951e-16,0.0042678,0.0059414,0.021347,1,120.4,120.4,0,0
1.1819,2.281e-14,3.5953e-16,0.0042433,0.0059213,0.020603,1,120.53,120.53,0,0
1.182,2.2811e-14,3.5955e-16,0.0042188,0.0059011,0.019859,1,120.65,120.65,0,0
1.1821,2.2812e-14,3.5957e-16,0.004194,0.0058798,0.019118,1,120.78,120.78,0,0
1.1821,2.2814e-14,3.5959e-16,0.0041689,0.0058577,0.018378,1,120.9,120.9,0,0
1.1822,2.2815e-14,3.5961e-16,0.0041437,0.005835,0.01764,1,121.02,121.02,0,0
1.1823,2.2817e-14,3.5963e-16,0.0041175,0.0058099,0.016905,1,121.15,121.15,0,0
1.1824,2.2818e-14,3.5966e-16,0.0040913,0.0057848,0.016169,1,121.27,121.27,0,0
1.1825,2.282e-14,3.5969e-16,0.0040656,0.0057599,0.015435,1,121.4,121.4,0,0
1.1826,2.2822e-14,3.5971e-16,0.0040401,0.005735,0.014701,1,121.52,121.52,0,0
1.1826,2.2824e-14,3.5974e-16,0.0040143,0.0057093,0.013967,1,121.64,121.64,0,0
1.1828,2.2826e-14,3.5978e-16,0.0039883,0.0056821,0.013232,1,121.77,121.77,0,0
1.1829,2.2828e-14,3.5981e-16,0.0039623,0.0056549,0.012498,1,121.89,121.89,0,0
1.183,2.283e-14,3.5984e-16,0.003937,0.0056284,0.011762,1,122.02,122.02,0,0
1.1831,2.2832e-14,3.5988e-16,0.0039119,0.005602,0.011026,1,122.14,122.14,0,0
1.1832,2.2835e-14,3.5992e-16,0.0038868,0.0055748,0.010289,1,122.26,122.26,0,0
1.1833,2.2837e-14,3.5995e-16,0.0038619,0.005547,0.00955,1,122.39,122.39,0,0
1.1835,2.2839e-14,3.5999e-16,0.003837,0.0055192,0.008811,1,122.51,122.51,0,0
1.1836,2.2842e-14,3.6004e-16,0.0038132,0.0054918,0.0080712,1,122.64,122.64,0,0
1.1837,2.2845e-14,3.6008e-16,0.0037893,0.0054643,0.0073313,1,122.76,122.76,0,0
1.1839,2.2848e-14,3.6012e-16,0.003766,0.0054365,0.0065933,1,122.88,122.88,0,0
1.1841,2.2851e-14,3.6017e-16,0.003743,0.0054085,0.0058563,1,123.01,123.01,0,0
1.1842,2.2854e-14,3.6022e-16,0.0037202,0.0053804,0.0051188,1,123.13,123.13,0,0
1.1843,2.2856e-14,3.6026e-16,0.0036981,0.0053522,0.0043801,1,123.26,123.26,0,0
1.1845,2.2859e-14,3.6031e-16,0.003676,0.005324,0.0036414,1,123.38,123.38,0,0
1.1847,2.2863e-14,3.6036e-16,0.0036556,0.0052958,0.0029114,1,123.5,123.5,0,0
1.1849,2.2867e-14,3.6043e-16,0.0036355,0.0052676,0.0021831,1,123.63,123.63,0,0
1.1851,2.287e-14,3.6048e-16,0.0036191,0.0052434,0.0015478,1,123.75,123.75,0,0
1.1852,2.2873e-14,3.6052e-16,0.0036079,0.0052248,0.0010413,1,123.88,123.88,0,0
1.1853,2.2875e-14,3.6056e-16,0.0035966,0.0052062,0.00053467,1,124,124,0,0
