"U:0","U:1","U:2","k","nut","omega","p","yPlus","vtkValidPointMask","arc_length","Points:0","Points:1","Points:2"
1,1.93e-14,3.042e-16,0.0037757,0.004754,0.79421,0.93333,0,1,0,0,0,0
1.0002,1.9303e-14,3.0425e-16,0.0037526,0.0047496,0.79006,0.9332,0,1,0.124,0.124,0,0
1.0004,1.9306e-14,3.043e-16,0.0037295,0.0047453,0.78591,0.93307,0,1,0.248,0.248,0,0
1.0007,1.9312e-14,3.044e-16,0.0037013,0.00474,0.78084,0.93277,0,1,0.372,0.372,0,0
1.0011,1.9321e-14,3.0453e-16,0.0036694,0.004734,0.77511,0.93235,0,1,0.496,0.496,0,0
1.0016,1.933e-14,3.0467e-16,0.0036378,0.0047279,0.76941,0.93189,0,1,0.62,0.62,0,0
1.0022,1.9341e-14,3.0486e-16,0.0036072,0.004722,0.7639,0.93124,0,1,0.744,0.744,0,0
1.0028,1.9353e-14,3.0505e-16,0.0035766,0.004716,0.75839,0.9306,0,1,0.868,0.868,0,0
1.0035,1.9366e-14,3.0525e-16,0.0035469,0.0047101,0.75303,0.92991,0,1,0.992,0.992,0,0
1.0042,1.9379e-14,3.0545e-16,0.0035175,0.0047042,0.74773,0.92922,0,1,1.116,1.116,0,0
1.0048,1.9392e-14,3.0566e-16,0.0034885,0.0046983,0.74249,0.92853,0,1,1.24,1.24,0,0
1.0055,1.9405e-14,3.0586e-16,0.0034602,0.0046924,0.73738,0.92785,0,1,1.364,1.364,0,0
1.0062,1.9418e-14,3.0607e-16,0.0034319,0.0046866,0.73227,0.92717,0,1,1.488,1.488,0,0
1.0069,1.9432e-14,3.0629e-16,0.0034046,0.0046808,0.72733,0.92647,0,1,1.612,1.612,0,0
1.0076,1.9446e-14,3.0651e-16,0.0033773,0.004675,0.72241,0.92576,0,1,1.736,1.736,0,0
1.0084,1.946e-14,3.0673e-16,0.0033506,0.0046692,0.71758,0.92503,0,1,1.86,1.86,0,0
1.0091,1.9475e-14,3.0696e-16,0.0033244,0.0046635,0.71284,0.92428,0,1,1.984,1.984,0,0
1.0099,1.949e-14,3.0719e-16,0.0032983,0.0046578,0.70811,0.92352,0,1,2.108,2.108,0,0
1.0107,1.9505e-14,3.0743e-16,0.003273,0.0046521,0.70354,0.92274,0,1,2.232,2.232,0,0
1.0115,1.952e-14,3.0767e-16,0.0032477,0.0046464,0.69898,0.92196,0,1,2.356,2.356,0,0
1.0123,1.9535e-14,3.0791e-16,0.0032231,0.0046407,0.69451,0.92117,0,1,2.48,2.48,0,0
1.0131,1.9551e-14,3.0816e-16,0.0031988,0.0046351,0.69011,0.92037,0,1,2.604,2.604,0,0
1.0139,1.9566e-14,3.084e-16,0.0031746,0.0046295,0.68574,0.91957,0,1,2.728,2.728,0,0
1.0147,1.9582e-14,3.0865e-16,0.0031512,0.0046239,0.68149,0.91876,0,1,2.852,2.852,0,0
1.0155,1.9598e-14,3.089e-16,0.0031277,0.0046183,0.67724,0.91795,0,1,2.976,2.976,0,0
1.0163,1.9614e-14,3.0915e-16,0.003105,0.0046127,0.67311,0.91713,0,1,3.1,3.1,0,0
1.0172,1.963e-14,3.0941e-16,0.0030823,0.0046072,0.66901,0.91631,0,1,3.224,3.224,0,0
1.018,1.9646e-14,3.0967e-16,0.0030601,0.0046017,0.66497,0.91548,0,1,3.348,3.348,0,0
1.0189,1.9663e-14,3.0992e-16,0.0030382,0.0045962,0.66102,0.91464,0,1,3.472,3.472,0,0
1.0197,1.9679e-14,3.1018e-16,0.0030164,0.0045907,0.65706,0.9138,0,1,3.596,3.596,0,0
1.0206,1.9696e-14,3.1045e-16,0.0029954,0.0045853,0.65324,0.91295,0,1,3.72,3.72,0,0
1.0214,1.9713e-14,3.1071e-16,0.0029744,0.0045799,0.64943,0.9121,0,1,3.844,3.844,0,0
1.0223,1.973e-14,3.1098e-16,0.0029537,0.0045745,0.64569,0.91124,0,1,3.968,3.968,0,0
1.0232,1.9747e-14,3.1124e-16,0.0029334,0.0045691,0.64201,0.91038,0,1,4.092,4.092,0,0
1.0241,1.9764e-14,3.1151e-16,0.0029132,0.0045637,0.63834,0.90951,0,1,4.216,4.216,0,0
1.025,1.9781e-14,3.1178e-16,0.0028937,0.0045583,0.63479,0.90864,0,1,4.34,4.34,0,0
1.0259,1.9798e-14,3.1206e-16,0.0028741,0.004553,0.63124,0.90776,0,1,4.464,4.464,0,0
1.0268,1.9815e-14,3.1233e-16,0.002855,0.0045477,0.62778,0.90688,0,1,4.588,4.588,0,0
1.0277,1.9833e-14,3.126e-16,0.0028361,0.0045423,0.62435,0.906,0,1,4.712,4.712,0,0
1.0286,1.985e-14,3.1288e-16,0.0028174,0.004537,0.62096,0.90511,0,1,4.836,4.836,0,0
1.0295,1.9868e-14,3.1316e-16,0.0027991,0.0045317,0.61766,0.90422,0,1,4.96,4.96,0,0
1.0304,1.9886e-14,3.1344e-16,0.0027809,0.0045265,0.61435,0.90333,0,1,5.084,5.084,0,0
1.0313,1.9903e-14,3.1372e-16,0.0027632,0.0045212,0.61115,0.90243,0,1,5.208,5.208,0,0
1.0323,1.9921e-14,3.14e-16,0.0027455,0.0045159,0.60797,0.90154,0,1,5.332,5.332,0,0
1.0332,1.9939e-14,3.1428e-16,0.0027282,0.0045106,0.60483,0.90064,0,1,5.456,5.456,0,0
1.0341,1.9957e-14,3.1456e-16,0.0027112,0.0045053,0.60176,0.89973,0,1,5.58,5.58,0,0
1.035,1.9975e-14,3.1484e-16,0.0026942,0.0045001,0.59869,0.89883,0,1,5.704,5.704,0,0
1.036,1.9993e-14,3.1513e-16,0.0026777,0.0044948,0.59573,0.89793,0,1,5.828,5.828,0,0
1.0369,2.0011e-14,3.1541e-16,0.0026613,0.0044896,0.59277,0.89702,0,1,5.952,5.952,0,0
1.0379,2.0029e-14,3.157e-16,0.0026452,0.0044843,0.58987,0.89611,0,1,6.076,6.076,0,0
1.0388,2.0047e-14,3.1599e-16,0.0026293,0.0044791,0.58701,0.8952,0,1,6.2,6.2,0,0
1.0397,2.0066e-14,3.1627e-16,0.0026135,0.0044738,0.58418,0.89429,0,1,6.324,6.324,0,0
1.0407,2.0084e-14,3.1656e-16,0.0025982,0.0044685,0.58142,0.89337,0,1,6.448,6.448,0,0
1.0416,2.0102e-14,3.1685e-16,0.0025828,0.0044633,0.57867,0.89246,0,1,6.572,6.572,0,0
1.0426,2.012e-14,3.1713e-16,0.0025678,0.004458,0.576,0.89154,0,1,6.696,6.696,0,0
1.0435,2.0139e-14,3.1742e-16,0.002553,0.0044527,0.57335,0.89062,0,1,6.82,6.82,0,0
1.0445,2.0157e-14,3.1771e-16,0.0025383,0.0044474,0.57073,0.8897,0,1,6.944,6.944,0,0
1.0454,2.0175e-14,3.18e-16,0.0025239,0.0044421,0.56817,0.88877,0,1,7.068,7.068,0,0
1.0464,2.0194e-14,3.1829e-16,0.0025095,0.0044368,0.56561,0.88785,0,1,7.192,7.192,0,0
1.0473,2.0212e-14,3.1858e-16,0.0024956,0.0044315,0.56315,0.88693,0,1,7.316,7.316,0,0
1.0483,2.023e-14,3.1887e-16,0.0024817,0.0044261,0.56068,0.886,0,1,7.44,7.44,0,0
1.0492,2.0249e-14,3.1916e-16,0.002468,0.0044208,0.55827,0.88508,0,1,7.564,7.564,0,0
1.0502,2.0267e-14,3.1945e-16,0.0024545,0.0044155,0.55589,0.88415,0,1,7.688,7.688,0,0
1.0511,2.0286e-14,3.1974e-16,0.0024411,0.0044101,0.55353,0.88323,0,1,7.812,7.812,0,0
1.0521,2.0304e-14,3.2003e-16,0.0024281,0.0044047,0.55124,0.88231,0,1,7.936,7.936,0,0
1.053,2.0322e-14,3.2032e-16,0.002415,0.0043993,0.54895,0.88139,0,1,8.06,8.06,0,0
1.054,2.0341e-14,3.2061e-16,0.0024023,0.0043939,0.54672,0.88047,0,1,8.184,8.184,0,0
1.0549,2.0359e-14,3.2089e-16,0.0023897,0.0043885,0.54452,0.87955,0,1,8.308,8.308,0,0
1.0559,2.0377e-14,3.2118e-16,0.0023771,0.0043831,0.54233,0.87863,0,1,8.432,8.432,0,0
1.0568,2.0395e-14,3.2147e-16,0.0023649,0.0043776,0.54021,0.87772,0,1,8.556,8.556,0,0
1.0578,2.0413e-14,3.2175e-16,0.0023526,0.0043722,0.53809,0.8768,0,1,8.68,8.68,0,0
1.0587,2.0432e-14,3.2204e-16,0.0023407,0.0043667,0.53603,0.87589,0,1,8.804,8.804,0,0
1.0596,2.045e-14,3.2233e-16,0.0023288,0.0043612,0.53399,0.87498,0,1,8.928,8.928,0,0
1.0606,2.0468e-14,3.2261e-16,0.0023171,0.0043557,0.53197,0.87407,0,1,9.052,9.052,0,0
1.0615,2.0486e-14,3.2289e-16,0.0023056,0.0043501,0.53001,0.87317,0,1,9.176,9.176,0,0
1.0624,2.0504e-14,3.2318e-16,0.0022941,0.0043446,0.52804,0.87226,0,1,9.3,9.3,0,0
1.0634,2.0522e-14,3.2346e-16,0.002283,0.004339,0.52615,0.87135,0,1,9.424,9.424,0,0
1.0643,2.054e-14,3.2374e-16,0.0022718,0.0043333,0.52425,0.87045,0,1,9.548,9.548,0,0
1.0652,2.0558e-14,3.2403e-16,0.0022608,0.0043277,0.52241,0.86955,0,1,9.672,9.672,0,0
1.0662,2.0575e-14,3.2431e-16,0.00225,0.004322,0.52059,0.86864,0,1,9.796,9.796,0,0
1.0671,2.0593e-14,3.2459e-16,0.0022392,0.0043162,0.51878,0.86774,0,1,9.92,9.92,0,0
1.068,2.0611e-14,3.2487e-16,0.0022287,0.0043104,0.51704,0.86684,0,1,10.044,10.044,0,0
1.0689,2.0629e-14,3.2515e-16,0.0022182,0.0043046,0.51529,0.86595,0,1,10.168,10.168,0,0
1.0698,2.0646e-14,3.2543e-16,0.0022079,0.0042988,0.5136,0.86505,0,1,10.292,10.292,0,0
1.0707,2.0664e-14,3.2571e-16,0.0021977,0.0042928,0.51193,0.86415,0,1,10.416,10.416,0,0
1.0717,2.0682e-14,3.2598e-16,0.0021876,0.0042869,0.51029,0.86326,0,1,10.54,10.54,0,0
1.0726,2.0699e-14,3.2626e-16,0.0021776,0.0042809,0.50869,0.86236,0,1,10.664,10.664,0,0
1.0735,2.0717e-14,3.2654e-16,0.0021677,0.0042748,0.50709,0.86147,0,1,10.788,10.788,0,0
1.0744,2.0734e-14,3.2681e-16,0.0021581,0.0042687,0.50555,0.86058,0,1,10.912,10.912,0,0
1.0753,2.0752e-14,3.2708e-16,0.0021484,0.0042625,0.50402,0.85969,0,1,11.036,11.036,0,0
1.0762,2.0769e-14,3.2736e-16,0.0021389,0.0042563,0.50253,0.8588,0,1,11.16,11.16,0,0
1.0771,2.0786e-14,3.2763e-16,0.0021296,0.00425,0.50107,0.85792,0,1,11.284,11.284,0,0
1.078,2.0803e-14,3.279e-16,0.0021202,0.0042437,0.49961,0.85703,0,1,11.408,11.408,0,0
1.0788,2.082e-14,3.2817e-16,0.0021111,0.0042372,0.49822,0.85615,0,1,11.532,11.532,0,0
1.0797,2.0838e-14,3.2844e-16,0.002102,0.0042308,0.49682,0.85527,0,1,11.656,11.656,0,0
1.0806,2.0855e-14,3.2871e-16,0.002093,0.0042243,0.49547,0.8544,0,1,11.78,11.78,0,0
1.0815,2.0872e-14,3.2898e-16,0.0020842,0.0042177,0.49414,0.85352,0,1,11.904,11.904,0,0
1.0824,2.0889e-14,3.2924e-16,0.0020753,0.0042111,0.49282,0.85265,0,1,12.028,12.028,0,0
1.0832,2.0905e-14,3.2951e-16,0.0020667,0.0042044,0.49155,0.85178,0,1,12.152,12.152,0,0
1.0841,2.0922e-14,3.2977e-16,0.002058,0.0041976,0.49028,0.85091,0,1,12.276,12.276,0,0
1.085,2.0939e-14,3.3004e-16,0.0020495,0.0041908,0.48905,0.85004,0,1,12.4,12.4,0,0
1.0858,2.0955e-14,3.303e-16,0.0020411,0.0041839,0.48784,0.84917,0,1,12.524,12.524,0,0
1.0867,2.0972e-14,3.3056e-16,0.0020327,0.0041769,0.48664,0.84831,0,1,12.648,12.648,0,0
1.0876,2.0989e-14,3.3082e-16,0.0020244,0.0041698,0.48548,0.84745,0,1,12.772,12.772,0,0
1.0884,2.1005e-14,3.3108e-16,0.0020161,0.0041627,0.48433,0.84659,0,1,12.896,12.896,0,0
1.0893,2.1021e-14,3.3134e-16,0.002008,0.0041555,0.48321,0.84573,0,1,13.02,13.02,0,0
1.0901,2.1038e-14,3.3159e-16,0.0019999,0.0041483,0.4821,0.84488,0,1,13.144,13.144,0,0
1.0909,2.1054e-14,3.3185e-16,0.0019919,0.0041409,0.48102,0.84402,0,1,13.268,13.268,0,0
1.0918,2.107e-14,3.321e-16,0.0019839,0.0041334,0.47997,0.84317,0,1,13.392,13.392,0,0
1.0926,2.1086e-14,3.3236e-16,0.001976,0.0041259,0.47892,0.84232,0,1,13.516,13.516,0,0
1.0934,2.1102e-14,3.3261e-16,0.0019682,0.0041184,0.4779,0.84148,0,1,13.64,13.64,0,0
1.0943,2.1118e-14,3.3286e-16,0.0019604,0.0041108,0.47689,0.84063,0,1,13.764,13.764,0,0
1.0951,2.1134e-14,3.3311e-16,0.0019527,0.004103,0.47591,0.83979,0,1,13.888,13.888,0,0
1.0959,2.115e-14,3.3336e-16,0.001945,0.0040952,0.47495,0.83894,0,1,14.012,14.012,0,0
1.0967,2.1166e-14,3.3361e-16,0.0019374,0.0040873,0.47401,0.8381,0,1,14.136,14.136,0,0
1.0975,2.1181e-14,3.3386e-16,0.0019299,0.0040793,0.47309,0.83726,0,1,14.26,14.26,0,0
1.0984,2.1197e-14,3.341e-16,0.0019224,0.0040713,0.47218,0.83643,0,1,14.384,14.384,0,0
1.0992,2.1212e-14,3.3435e-16,0.0019151,0.0040632,0.47131,0.83559,0,1,14.508,14.508,0,0
1.1,2.1228e-14,3.3459e-16,0.0019078,0.0040551,0.47045,0.83476,0,1,14.632,14.632,0,0
1.1007,2.1243e-14,3.3483e-16,0.0019005,0.0040469,0.46961,0.83393,0,1,14.756,14.756,0,0
1.1015,2.1258e-14,3.3507e-16,0.0018933,0.0040385,0.46881,0.8331,0,1,14.88,14.88,0,0
1.1023,2.1274e-14,3.3531e-16,0.0018861,0.0040302,0.468,0.83228,0,1,15.004,15.004,0,0
1.1031,2.1289e-14,3.3555e-16,0.0018793,0.004022,0.46725,0.83146,0,1,15.128,15.128,0,0
1.1039,2.1304e-14,3.3579e-16,0.0018724,0.0040137,0.46649,0.83063,0,1,15.252,15.252,0,0
1.1047,2.1319e-14,3.3602e-16,0.0018657,0.0040055,0.46578,0.82982,0,1,15.376,15.376,0,0
1.1054,2.1333e-14,3.3626e-16,0.0018591,0.0039972,0.4651,0.829,0,1,15.5,15.5,0,0
1.1062,2.1348e-14,3.3649e-16,0.0018526,0.003989,0.46443,0.82819,0,1,15.624,15.624,0,0
1.107,2.1363e-14,3.3672e-16,0.0018464,0.0039811,0.4638,0.82738,0,1,15.748,15.748,0,0
1.1077,2.1378e-14,3.3695e-16,0.0018402,0.0039731,0.46317,0.82656,0,1,15.872,15.872,0,0
1.1085,2.1392e-14,3.3718e-16,0.0018344,0.0039653,0.46261,0.82576,0,1,15.996,15.996,0,0
1.1092,2.1407e-14,3.3741e-16,0.0018287,0.0039576,0.46206,0.82495,0,1,16.12,16.12,0,0
1.11,2.1421e-14,3.3764e-16,0.0018229,0.0039497,0.46153,0.82415,0,1,16.244,16.244,0,0
1.1107,2.1435e-14,3.3786e-16,0.0018172,0.0039415,0.46104,0.82335,0,1,16.368,16.368,0,0
1.1114,2.1449e-14,3.3808e-16,0.0018114,0.0039332,0.46055,0.82255,0,1,16.492,16.492,0,0
1.1122,2.1464e-14,3.3831e-16,0.0018058,0.0039245,0.46013,0.82176,0,1,16.616,16.616,0,0
1.1129,2.1478e-14,3.3853e-16,0.0018001,0.0039157,0.45972,0.82096,0,1,16.74,16.74,0,0
1.1136,2.1492e-14,3.3875e-16,0.0017949,0.0039074,0.45936,0.82017,0,1,16.864,16.864,0,0
1.1143,2.1505e-14,3.3897e-16,0.0017902,0.0038997,0.45906,0.81939,0,1,16.988,16.988,0,0
1.1151,2.1519e-14,3.3918e-16,0.0017855,0.0038921,0.45876,0.8186,0,1,17.112,17.112,0,0
1.1158,2.1533e-14,3.394e-16,0.0017817,0.0038851,0.45859,0.81781,0,1,17.236,17.236,0,0
1.1165,2.1546e-14,3.3961e-16,0.0017778,0.0038781,0.45841,0.81703,0,1,17.36,17.36,0,0
1.1172,2.156e-14,3.3983e-16,0.0017733,0.0038699,0.45823,0.81625,0,1,17.484,17.484,0,0
1.1179,2.1573e-14,3.4004e-16,0.0017685,0.003861,0.45805,0.81547,0,1,17.608,17.608,0,0
1.1186,2.1587e-14,3.4025e-16,0.0017635,0.0038514,0.45788,0.8147,0,1,17.732,17.732,0,0
1.1192,2.16e-14,3.4046e-16,0.0017576,0.0038396,0.45776,0.81393,0,1,17.856,17.856,0,0
1.1199,2.1613e-14,3.4066e-16,0.0017518,0.0038279,0.45763,0.81315,0,1,17.98,17.98,0,0
1.1206,2.1626e-14,3.4087e-16,0.0017488,0.0038204,0.45774,0.81238,0,1,18.104,18.104,0,0
1.1213,2.1639e-14,3.4108e-16,0.0017463,0.0038138,0.45789,0.81162,0,1,18.228,18.228,0,0
1.1219,2.1652e-14,3.4128e-16,0.0017458,0.0038105,0.45814,0.81085,0,1,18.352,18.352,0,0
1.1226,2.1665e-14,3.4148e-16,0.0017479,0.0038119,0.45853,0.81009,0,1,18.476,18.476,0,0
1.1233,2.1678e-14,3.4169e-16,0.00175,0.0038132,0.45893,0.80933,0,1,18.6,18.6,0,0
1.1239,2.1691e-14,3.4188e-16,0.0017539,0.0038169,0.45951,0.80857,0,1,18.724,18.724,0,0
1.1246,2.1703e-14,3.4208e-16,0.0017579,0.0038207,0.46009,0.80781,0,1,18.848,18.848,0,0
1.1252,2.1716e-14,3.4228e-16,0.0017626,0.0038257,0.46074,0.80706,0,1,18.972,18.972,0,0
1.1259,2.1728e-14,3.4248e-16,0.0017679,0.0038315,0.46142,0.80631,0,1,19.096,19.096,0,0
1.1265,2.1741e-14,3.4267e-16,0.0017735,0.0038377,0.46212,0.80555,0,1,19.22,19.22,0,0
1.1272,2.1753e-14,3.4287e-16,0.0017801,0.0038456,0.46289,0.8048,0,1,19.344,19.344,0,0
1.1278,2.1765e-14,3.4306e-16,0.0017868,0.0038535,0.46366,0.80405,0,1,19.468,19.468,0,0
1.1284,2.1777e-14,3.4325e-16,0.0017942,0.0038629,0.46448,0.80331,0,1,19.592,19.592,0,0
1.1291,2.1789e-14,3.4344e-16,0.001802,0.0038726,0.46531,0.80256,0,1,19.716,19.716,0,0
1.1297,2.1802e-14,3.4363e-16,0.0018101,0.003883,0.46616,0.80182,0,1,19.84,19.84,0,0
1.1303,2.1813e-14,3.4382e-16,0.001819,0.0038946,0.46705,0.80107,0,1,19.964,19.964,0,0
1.1309,2.1825e-14,3.4401e-16,0.0018279,0.0039062,0.46794,0.80033,0,1,20.088,20.088,0,0
1.1315,2.1837e-14,3.4419e-16,0.0018376,0.0039191,0.46887,0.79959,0,1,20.212,20.212,0,0
1.1321,2.1849e-14,3.4438e-16,0.0018474,0.0039323,0.4698,0.79884,0,1,20.336,20.336,0,0
1.1327,2.186e-14,3.4456e-16,0.0018576,0.003946,0.47075,0.7981,0,1,20.46,20.46,0,0
1.1333,2.1872e-14,3.4474e-16,0.0018682,0.0039603,0.47172,0.79736,0,1,20.584,20.584,0,0
1.1339,2.1884e-14,3.4493e-16,0.0018789,0.0039747,0.4727,0.79662,0,1,20.708,20.708,0,0
1.1345,2.1895e-14,3.4511e-16,0.0018902,0.0039902,0.4737,0.79589,0,1,20.832,20.832,0,0
1.1351,2.1906e-14,3.4528e-16,0.0019015,0.0040056,0.4747,0.79515,0,1,20.956,20.956,0,0
1.1357,2.1917e-14,3.4546e-16,0.0019131,0.0040215,0.47571,0.79441,0,1,21.08,21.08,0,0
1.1363,2.1929e-14,3.4564e-16,0.0019249,0.0040376,0.47673,0.79367,0,1,21.204,21.204,0,0
1.1368,2.194e-14,3.4581e-16,0.0019368,0.0040539,0.47776,0.79293,0,1,21.328,21.328,0,0
1.1374,2.1951e-14,3.4599e-16,0.0019491,0.0040706,0.47881,0.7922,0,1,21.452,21.452,0,0
1.138,2.1962e-14,3.4616e-16,0.0019613,0.0040873,0.47985,0.79146,0,1,21.576,21.576,0,0
1.1385,2.1973e-14,3.4633e-16,0.0019739,0.0041044,0.48091,0.79073,0,1,21.7,21.7,0,0
1.1391,2.1983e-14,3.465e-16,0.0019865,0.0041215,0.48196,0.79,0,1,21.824,21.824,0,0
1.1397,2.1994e-14,3.4667e-16,0.0019991,0.0041387,0.48302,0.78926,0,1,21.948,21.948,0,0
1.1402,2.2005e-14,3.4684e-16,0.002012,0.004156,0.4841,0.78853,0,1,22.072,22.072,0,0
1.1408,2.2015e-14,3.47e-16,0.0020248,0.0041733,0.48517,0.7878,0,1,22.196,22.196,0,0
1.1413,2.2026e-14,3.4717e-16,0.0020378,0.0041909,0.48624,0.78706,0,1,22.32,22.32,0,0
1.1418,2.2036e-14,3.4733e-16,0.0020509,0.0042085,0.48732,0.78633,0,1,22.444,22.444,0,0
1.1424,2.2046e-14,3.4749e-16,0.002064,0.0042259,0.4884,0.7856,0,1,22.568,22.568,0,0
1.1429,2.2056e-14,3.4765e-16,0.0020771,0.0042433,0.48949,0.78486,0,1,22.692,22.692,0,0
1.1434,2.2067e-14,3.4781e-16,0.0020902,0.0042607,0.49058,0.78413,0,1,22.816,22.816,0,0
1.1439,2.2076e-14,3.4797e-16,0.0021034,0.004278,0.49166,0.7834,0,1,22.94,22.94,0,0
1.1445,2.2086e-14,3.4813e-16,0.0021166,0.0042954,0.49275,0.78266,0,1,23.064,23.064,0,0
1.145,2.2096e-14,3.4828e-16,0.0021297,0.0043125,0.49383,0.78193,0,1,23.188,23.188,0,0
1.1455,2.2106e-14,3.4843e-16,0.0021428,0.0043295,0.49491,0.7812,0,1,23.312,23.312,0,0
1.146,2.2116e-14,3.4859e-16,0.0021558,0.0043464,0.496,0.78046,0,1,23.436,23.436,0,0
1.1465,2.2125e-14,3.4874e-16,0.0021688,0.0043628,0.49709,0.77973,0,1,23.56,23.56,0,0
1.147,2.2135e-14,3.4889e-16,0.0021817,0.0043793,0.49818,0.77899,0,1,23.684,23.684,0,0
1.1474,2.2144e-14,3.4903e-16,0.0021945,0.0043953,0.49926,0.77826,0,1,23.808,23.808,0,0
1.1479,2.2153e-14,3.4918e-16,0.0022072,0.0044112,0.50035,0.77752,0,1,23.932,23.932,0,0
1.1484,2.2163e-14,3.4933e-16,0.0022198,0.0044268,0.50143,0.77679,0,1,24.056,24.056,0,0
1.1489,2.2172e-14,3.4947e-16,0.0022321,0.0044418,0.50252,0.77606,0,1,24.18,24.18,0,0
1.1493,2.2181e-14,3.4961e-16,0.0022445,0.0044569,0.5036,0.77532,0,1,24.304,24.304,0,0
1.1498,2.219e-14,3.4975e-16,0.0022566,0.0044712,0.5047,0.77459,0,1,24.428,24.428,0,0
1.1502,2.2198e-14,3.4989e-16,0.0022688,0.0044855,0.50579,0.77385,0,1,24.552,24.552,0,0
1.1507,2.2207e-14,3.5003e-16,0.0022807,0.0044994,0.50688,0.77312,0,1,24.676,24.676,0,0
1.1511,2.2216e-14,3.5016e-16,0.0022924,0.0045129,0.50796,0.77239,0,1,24.8,24.8,0,0
1.1516,2.2224e-14,3.503e-16,0.0023041,0.0045262,0.50904,0.77166,0,1,24.924,24.924,0,0
1.152,2.2232e-14,3.5043e-16,0.0023156,0.004539,0.51014,0.77093,0,1,25.048,25.048,0,0
1.1524,2.2241e-14,3.5056e-16,0.0023271,0.0045518,0.51124,0.7702,0,1,25.172,25.172,0,0
1.1529,2.2249e-14,3.5068e-16,0.0023395,0.0045666,0.5123,0.76949,0,1,25.296,25.296,0,0
1.1533,2.2256e-14,3.508e-16,0.0023522,0.004582,0.51336,0.76879,0,1,25.42,25.42,0,0
1.1537,2.2264e-14,3.5093e-16,0.0023663,0.0045995,0.51446,0.76807,0,1,25.544,25.544,0,0
1.1541,2.2273e-14,3.5106e-16,0.0023829,0.0046211,0.51565,0.76731,0,1,25.668,25.668,0,0
1.1545,2.228e-14,3.5118e-16,0.0023994,0.0046428,0.51679,0.76657,0,1,25.792,25.792,0,0
1.1549,2.2288e-14,3.513e-16,0.0024159,0.0046646,0.51791,0.76585,0,1,25.916,25.916,0,0
1.1553,2.2295e-14,3.5142e-16,0.0024325,0.0046866,0.51903,0.76513,0,1,26.04,26.04,0,0
1.1557,2.2303e-14,3.5153e-16,0.0024493,0.0047088,0.52015,0.76441,0,1,26.164,26.164,0,0
1.156,2.231e-14,3.5165e-16,0.0024663,0.0047314,0.52126,0.76369,0,1,26.288,26.288,0,0
1.1564,2.2317e-14,3.5176e-16,0.0024838,0.004755,0.52235,0.76297,0,1,26.412,26.412,0,0
1.1567,2.2324e-14,3.5187e-16,0.0025015,0.004779,0.52343,0.76225,0,1,26.536,26.536,0,0
1.1571,2.2331e-14,3.5197e-16,0.0025194,0.0048033,0.52452,0.76153,0,1,26.66,26.66,0,0
1.1574,2.2337e-14,3.5208e-16,0.0025379,0.0048285,0.5256,0.76081,0,1,26.784,26.784,0,0
1.1578,2.2344e-14,3.5218e-16,0.0025566,0.004854,0.52668,0.76009,0,1,26.908,26.908,0,0
1.1581,2.235e-14,3.5228e-16,0.0025755,0.0048798,0.52777,0.75937,0,1,27.032,27.032,0,0
1.1584,2.2356e-14,3.5238e-16,0.0025947,0.004906,0.52887,0.75865,0,1,27.156,27.156,0,0
1.1588,2.2363e-14,3.5248e-16,0.0026141,0.0049325,0.52997,0.75793,0,1,27.28,27.28,0,0
1.1591,2.2369e-14,3.5257e-16,0.0026337,0.0049592,0.53107,0.75721,0,1,27.404,27.404,0,0
1.1594,2.2375e-14,3.5267e-16,0.0026536,0.0049863,0.53218,0.75648,0,1,27.528,27.528,0,0
1.1597,2.238e-14,3.5276e-16,0.0026738,0.0050134,0.53332,0.75576,0,1,27.652,27.652,0,0
1.16,2.2386e-14,3.5285e-16,0.0026944,0.0050414,0.53444,0.75503,0,1,27.776,27.776,0,0
1.1603,2.2392e-14,3.5293e-16,0.0027155,0.0050701,0.53559,0.75431,0,1,27.9,27.9,0,0
1.1605,2.2397e-14,3.5302e-16,0.0027373,0.0050997,0.53675,0.75359,0,1,28.024,28.024,0,0
1.1608,2.2402e-14,3.531e-16,0.0027599,0.0051307,0.53792,0.75287,0,1,28.148,28.148,0,0
1.1611,2.2407e-14,3.5318e-16,0.0027839,0.0051642,0.53907,0.75214,0,1,28.272,28.272,0,0
1.1613,2.2412e-14,3.5326e-16,0.0028092,0.0051995,0.54028,0.75142,0,1,28.396,28.396,0,0
1.1616,2.2417e-14,3.5333e-16,0.002836,0.0052375,0.54147,0.7507,0,1,28.52,28.52,0,0
1.1618,2.2421e-14,3.534e-16,0.0028642,0.0052777,0.5427,0.74997,0,1,28.644,28.644,0,0
1.162,2.2426e-14,3.5347e-16,0.002894,0.0053201,0.54397,0.74925,0,1,28.768,28.768,0,0
1.1623,2.243e-14,3.5354e-16,0.0029252,0.0053651,0.54523,0.74853,0,1,28.892,28.892,0,0
1.1625,2.2434e-14,3.5361e-16,0.0029578,0.0054113,0.54659,0.74781,0,1,29.016,29.016,0,0
1.1627,2.2438e-14,3.5367e-16,0.0029916,0.0054587,0.54804,0.74709,0,1,29.14,29.14,0,0
1.1629,2.2442e-14,3.5373e-16,0.0030264,0.0055064,0.54961,0.74638,0,1,29.264,29.264,0,0
1.1631,2.2445e-14,3.5378e-16,0.0030621,0.0055549,0.55124,0.74566,0,1,29.388,29.388,0,0
1.1632,2.2449e-14,3.5384e-16,0.0030983,0.0056033,0.55293,0.74494,0,1,29.512,29.512,0,0
1.1634,2.2452e-14,3.5389e-16,0.0031347,0.0056504,0.55477,0.74422,0,1,29.636,29.636,0,0
1.1636,2.2455e-14,3.5394e-16,0.003171,0.005696,0.55669,0.7435,0,1,29.76,29.76,0,0
1.1637,2.2458e-14,3.5398e-16,0.0032067,0.0057392,0.55872,0.74278,0,1,29.884,29.884,0,0
1.1638,2.2461e-14,3.5402e-16,0.0032414,0.0057814,0.56065,0.74206,0,1,30.008,30.008,0,0
1.164,2.2463e-14,3.5406e-16,0.0032745,0.0058189,0.56274,0.74134,0,1,30.132,30.132,0,0
1.1641,2.2466e-14,3.541e-16,0.0033057,0.0058528,0.56481,0.74062,0,1,30.256,30.256,0,0
1.1642,2.2468e-14,3.5414e-16,0.0033346,0.0058824,0.56688,0.7399,0,1,30.38,30.38,0,0
1.1643,2.247e-14,3.5417e-16,0.0033607,0.0059063,0.569,0.73917,0,1,30.504,30.504,0,0
1.1644,2.2472e-14,3.542e-16,0.0033836,0.0059249,0.57108,0.73845,0,1,30.628,30.628,0,0
1.1645,2.2474e-14,3.5423e-16,0.0034029,0.005935,0.57337,0.73773,0,1,30.752,30.752,0,0
1.1646,2.2476e-14,3.5426e-16,0.0034184,0.0059355,0.57592,0.737,0,1,30.876,30.876,0,0
1.1647,2.2477e-14,3.5429e-16,0.0034296,0.0059273,0.57861,0.73626,0,1,31,31,0,0
1.1648,2.2479e-14,3.5431e-16,0.0034376,0.0059178,0.58088,0.73553,0,1,31.124,31.124,0,0
1.1649,2.2481e-14,3.5434e-16,0.0034432,0.0059101,0.5826,0.7348,0,1,31.248,31.248,0,0
1.165,2.2483e-14,3.5437e-16,0.003446,0.0058937,0.58469,0.73407,0,1,31.372,31.372,0,0
1.1651,2.2484e-14,3.5439e-16,0.0034477,0.0058644,0.58791,0.73334,0,1,31.496,31.496,0,0
1.1651,2.2486e-14,3.5442e-16,0.0034491,0.0058239,0.59224,0.73261,0,1,31.62,31.62,0,0
1.1652,2.2488e-14,3.5445e-16,0.0034493,0.0057742,0.59736,0.73187,0,1,31.744,31.744,0,0
1.1653,2.2489e-14,3.5448e-16,0.0034492,0.0057197,0.60305,0.73113,0,1,31.868,31.868,0,0
1.1654,2.2491e-14,3.545e-16,0.0034547,0.0056662,0.60973,0.73039,0,1,31.992,31.992,0,0
1.1655,2.2493e-14,3.5453e-16,0.0034703,0.0056192,0.61759,0.72965,0,1,32.116,32.116,0,0
1.1656,2.2494e-14,3.5456e-16,0.003494,0.0055713,0.62716,0.7289,0,1,32.24,32.24,0,0
1.1657,2.2496e-14,3.5458e-16,0.0035253,0.0055802,0.63175,0.72816,0,1,32.364,32.364,0,0
1.1658,2.2498e-14,3.5461e-16,0.0035679,0.0056303,0.63369,0.72741,0,1,32.488,32.488,0,0
1.1659,2.25e-14,3.5464e-16,0.0036076,0.0056517,0.63833,0.72666,0,1,32.612,32.612,0,0
1.1659,2.2501e-14,3.5466e-16,0.0036138,0.0056164,0.64345,0.7259,0,1,32.736,32.736,0,0
1.166,2.2503e-14,3.5469e-16,0.0036122,0.00556,0.64968,0.72514,0,1,32.86,32.86,0,0
1.1661,2.2504e-14,3.5471e-16,0.0036173,0.0054971,0.65806,0.72439,0,1,32.984,32.984,0,0
1.1662,2.2506e-14,3.5474e-16,0.0036279,0.0054206,0.66931,0.72365,0,1,33.108,33.108,0,0
1.1663,2.2507e-14,3.5476e-16,0.0036311,0.0053092,0.68396,0.72292,0,1,33.232,33.232,0,0
1.1663,2.2508e-14,3.5477e-16,0.0036364,0.0052732,0.6896,0.72221,0,1,33.356,33.356,0,0
1.1664,2.2509e-14,3.5479e-16,0.003655,0.005156,0.70894,0.72153,0,1,33.48,33.48,0,0
1.1664,2.251e-14,3.548e-16,0.003688,0.0050087,0.73635,0.72087,0,1,33.604,33.604,0,0
1.1664,2.251e-14,3.548e-16,0.0037434,0.0048913,0.76536,0.72026,0,1,33.728,33.728,0,0
1.1664,2.2509e-14,3.5479e-16,0.0038344,0.0048337,0.79327,0.71969,0,1,33.852,33.852,0,0
1.1663,2.2508e-14,3.5476e-16,0.0038802,0.0047167,0.82271,0.71919,0,1,33.976,33.976,0,0
1.1661,2.2505e-14,3.5472e-16,0.0038841,0.0045695,0.85006,0.71879,0,1,34.1,34.1,0,0
1.1659,2.2501e-14,3.5466e-16,0.0038902,0.0044252,0.8792,0.71849,0,1,34.224,34.224,0,0
1.1657,2.2497e-14,3.5459e-16,0.0038798,0.0042669,0.90944,0.71829,0,1,34.348,34.348,0,0
1.1654,2.2492e-14,3.5451e-16,0.0038622,0.0041458,0.93159,0.71808,0,1,34.472,34.472,0,0
1.1652,2.2487e-14,3.5444e-16,0.0038407,0.0041248,0.93113,0.71789,0,1,34.596,34.596,0,0
1.165,2.2482e-14,3.5437e-16,0.0038133,0.0040916,0.93201,0.71771,0,1,34.72,34.72,0,0
1.1648,2.2478e-14,3.543e-16,0.0038046,0.0040583,0.93749,0.71752,0,1,34.844,34.844,0,0
1.1646,2.2475e-14,3.5424e-16,0.0037982,0.0040333,0.94172,0.71733,0,1,34.968,34.968,0,0
1.1644,2.2471e-14,3.5419e-16,0.0038074,0.0040543,0.93911,0.71712,0,1,35.092,35.092,0,0
1.1643,2.2469e-14,3.5415e-16,0.0038087,0.0040536,0.93958,0.71688,0,1,35.216,35.216,0,0
1.1641,2.2466e-14,3.5411e-16,0.0038025,0.0039971,0.95134,0.71663,0,1,35.34,35.34,0,0
1.164,2.2464e-14,3.5408e-16,0.0037808,0.0039589,0.95503,0.71637,0,1,35.464,35.464,0,0
1.1639,2.2462e-14,3.5405e-16,0.0037481,0.0039111,0.95832,0.71612,0,1,35.588,35.588,0,0
1.1638,2.246e-14,3.5402e-16,0.00373,0.0039036,0.95554,0.71589,0,1,35.712,35.712,0,0
1.1637,2.2458e-14,3.5397e-16,0.0037288,0.0039266,0.94962,0.71568,0,1,35.836,35.836,0,0
1.1635,2.2454e-14,3.5392e-16,0.0037183,0.0039157,0.94959,0.71551,0,1,35.96,35.96,0,0
1.1633,2.245e-14,3.5385e-16,0.0036967,0.0039051,0.94665,0.71541,0,1,36.084,36.084,0,0
1.163,2.2444e-14,3.5375e-16,0.003674,0.0038922,0.94396,0.71539,0,1,36.208,36.208,0,0
1.1625,2.2436e-14,3.5363e-16,0.003676,0.00391,0.94017,0.71549,0,1,36.332,36.332,0,0
1.162,2.2425e-14,3.5347e-16,0.0036959,0.0039566,0.93412,0.7157,0,1,36.456,36.456,0,0
1.1614,2.2413e-14,3.5327e-16,0.0037205,0.0039913,0.93216,0.71602,0,1,36.58,36.58,0,0
1.1606,2.2398e-14,3.5304e-16,0.003749,0.0040175,0.93318,0.71649,0,1,36.704,36.704,0,0
1.1597,2.238e-14,3.5275e-16,0.0037818,0.0040646,0.93043,0.71711,0,1,36.828,36.828,0,0
1.1586,2.236e-14,3.5243e-16,0.0038184,0.004097,0.93199,0.71788,0,1,36.952,36.952,0,0
1.1574,2.2336e-14,3.5206e-16,0.0038582,0.0041153,0.93753,0.71882,0,1,37.076,37.076,0,0
1.156,2.2309e-14,3.5164e-16,0.0039004,0.004136,0.94301,0.71992,0,1,37.2,37.2,0,0
1.1545,2.228e-14,3.5117e-16,0.0039435,0.0041594,0.94807,0.72119,0,1,37.324,37.324,0,0
1.1528,2.2247e-14,3.5066e-16,0.0039862,0.0041826,0.95302,0.72261,0,1,37.448,37.448,0,0
1.1509,2.2212e-14,3.501e-16,0.004027,0.0042035,0.95801,0.72416,0,1,37.572,37.572,0,0
1.149,2.2173e-14,3.495e-16,0.0040652,0.0042209,0.96309,0.72585,0,1,37.696,37.696,0,0
1.1468,2.2133e-14,3.4885e-16,0.0041,0.0042343,0.96826,0.72768,0,1,37.82,37.82,0,0
1.1446,2.2089e-14,3.4817e-16,0.0041312,0.0042436,0.9735,0.72963,0,1,37.944,37.944,0,0
1.1422,2.2043e-14,3.4744e-16,0.0041588,0.004249,0.97877,0.7317,0,1,38.068,38.068,0,0
1.1397,2.1995e-14,3.4668e-16,0.0041832,0.0042509,0.98406,0.73389,0,1,38.192,38.192,0,0
1.1371,2.1945e-14,3.459e-16,0.0042047,0.0042501,0.98933,0.73616,0,1,38.316,38.316,0,0
1.1345,2.1894e-14,3.4508e-16,0.0042242,0.0042473,0.99458,0.73852,0,1,38.44,38.44,0,0
1.1317,2.184e-14,3.4425e-16,0.0042424,0.0042434,0.99977,0.74095,0,1,38.564,38.564,0,0
1.1289,2.1786e-14,3.4339e-16,0.0042602,0.0042392,1.005,0.74343,0,1,38.688,38.688,0,0
1.126,2.1731e-14,3.4252e-16,0.0042787,0.0042365,1.01,0.74596,0,1,38.812,38.812,0,0
1.1231,2.1674e-14,3.4163e-16,0.004299,0.004235,1.0151,0.74851,0,1,38.936,38.936,0,0
1.1202,2.1618e-14,3.4074e-16,0.0043225,0.0042378,1.02,0.75107,0,1,39.06,39.06,0,0
1.1172,2.1561e-14,3.3984e-16,0.0043501,0.0042428,1.0253,0.75365,0,1,39.184,39.184,0,0
1.1142,2.1504e-14,3.3894e-16,0.0043834,0.0042543,1.0303,0.75622,0,1,39.308,39.308,0,0
1.1113,2.1446e-14,3.3803e-16,0.0044237,0.0042744,1.0349,0.75878,0,1,39.432,39.432,0,0
1.1083,2.1389e-14,3.3713e-16,0.0044725,0.0042961,1.0411,0.76135,0,1,39.556,39.556,0,0
1.1053,2.1332e-14,3.3623e-16,0.0045349,0.0043375,1.0455,0.76389,0,1,39.68,39.68,0,0
1.1024,2.1275e-14,3.3533e-16,0.0046111,0.0043945,1.0492,0.76641,0,1,39.804,39.804,0,0
1.0994,2.1218e-14,3.3444e-16,0.0047015,0.004452,1.056,0.76892,0,1,39.928,39.928,0,0
1.0965,2.1161e-14,3.3354e-16,0.0048071,0.0045073,1.0664,0.77142,0,1,40.052,40.052,0,0
1.0935,2.1103e-14,3.3263e-16,0.0049333,0.0045791,1.0772,0.77391,0,1,40.176,40.176,0,0
1.0905,2.1045e-14,3.3171e-16,0.0050836,0.0046699,1.0884,0.7764,0,1,40.3,40.3,0,0
1.0874,2.0986e-14,3.3077e-16,0.0052533,0.0047734,1.1003,0.77889,0,1,40.424,40.424,0,0
1.0843,2.0925e-14,3.2983e-16,0.0054427,0.0048895,1.1129,0.78137,0,1,40.548,40.548,0,0
1.0811,2.0864e-14,3.2885e-16,0.0056608,0.0050265,1.1259,0.78383,0,1,40.672,40.672,0,0
1.0778,2.0801e-14,3.2786e-16,0.0059065,0.0051836,1.139,0.78626,0,1,40.796,40.796,0,0
1.0745,2.0736e-14,3.2684e-16,0.0061751,0.0053572,1.1523,0.78868,0,1,40.92,40.92,0,0
1.071,2.067e-14,3.2579e-16,0.0064711,0.0055502,1.1656,0.79109,0,1,41.044,41.044,0,0
1.0674,2.06e-14,3.2469e-16,0.0068069,0.0057709,1.179,0.79348,0,1,41.168,41.168,0,0
1.0637,2.0528e-14,3.2356e-16,0.007169,0.0060099,1.1923,0.79588,0,1,41.292,41.292,0,0
1.0598,2.0454e-14,3.2239e-16,0.0075609,0.0062699,1.2055,0.79826,0,1,41.416,41.416,0,0
1.0557,2.0374e-14,3.2114e-16,0.0080088,0.0065723,1.2179,0.80064,0,1,41.54,41.54,0,0
1.0515,2.0292e-14,3.1984e-16,0.0084885,0.0068982,1.2299,0.80301,0,1,41.664,41.664,0,0
1.047,2.0206e-14,3.1848e-16,0.0090107,0.007255,1.2415,0.80537,0,1,41.788,41.788,0,0
1.0422,2.0113e-14,3.1702e-16,0.0095931,0.0076516,1.253,0.80774,0,1,41.912,41.912,0,0
1.0372,2.0017e-14,3.155e-16,0.010207,0.0080685,1.2644,0.81012,0,1,42.036,42.036,0,0
1.0318,1.9913e-14,3.1387e-16,0.010878,0.008523,1.2756,0.8125,0,1,42.16,42.16,0,0
1.0261,1.9803e-14,3.1213e-16,0.011599,0.0090106,1.2865,0.81487,0,1,42.284,42.284,0,0
1.0202,1.9688e-14,3.1032e-16,0.012349,0.0095178,1.2971,0.81724,0,1,42.408,42.408,0,0
1.0137,1.9562e-14,3.0834e-16,0.013176,0.010078,1.3067,0.81961,0,1,42.532,42.532,0,0
1.0069,1.9432e-14,3.0629e-16,0.014028,0.010656,1.3159,0.82197,0,1,42.656,42.656,0,0
0.9997,1.9293e-14,3.041e-16,0.014932,0.011271,1.3243,0.82434,0,1,42.78,42.78,0,0
0.99206,1.9145e-14,3.0177e-16,0.01588,0.011917,1.332,0.82671,0,1,42.904,42.904,0,0
0.98412,1.8992e-14,2.9935e-16,0.016855,0.012584,1.3391,0.82908,0,1,43.028,43.028,0,0
0.97551,1.8826e-14,2.9674e-16,0.017887,0.013295,1.3449,0.83144,0,1,43.152,43.152,0,0
0.96672,1.8656e-14,2.9406e-16,0.018932,0.014018,1.3503,0.83381,0,1,43.276,43.276,0,0
0.95718,1.8472e-14,2.9116e-16,0.020028,0.014787,1.3541,0.83616,0,1,43.4,43.4,0,0
0.9474,1.8284e-14,2.8818e-16,0.021139,0.015569,1.3576,0.83851,0,1,43.524,43.524,0,0
0.937,1.8083e-14,2.8502e-16,0.022283,0.016382,1.3601,0.84084,0,1,43.648,43.648,0,0
0.92621,1.7875e-14,2.8174e-16,0.023443,0.017212,1.3619,0.84316,0,1,43.772,43.772,0,0
0.91492,1.7657e-14,2.7831e-16,0.024621,0.018065,1.3628,0.84545,0,1,43.896,43.896,0,0
0.90309,1.7429e-14,2.7471e-16,0.025808,0.018937,1.3629,0.84773,0,1,44.02,44.02,0,0
0.89086,1.7192e-14,2.7099e-16,0.027003,0.019823,1.3622,0.84998,0,1,44.144,44.144,0,0
0.87793,1.6943e-14,2.6705e-16,0.028192,0.020723,1.3606,0.85219,0,1,44.268,44.268,0,0
0.86466,1.6687e-14,2.6302e-16,0.029378,0.021629,1.3584,0.85439,0,1,44.392,44.392,0,0
0.85057,1.6415e-14,2.5873e-16,0.030541,0.022542,1.3551,0.85653,0,1,44.516,44.516,0,0
0.83616,1.6137e-14,2.5435e-16,0.031695,0.023459,1.3513,0.85865,0,1,44.64,44.64,0,0
0.82086,1.5842e-14,2.4969e-16,0.032797,0.024364,1.3465,0.8607,0,1,44.764,44.764,0,0
0.80525,1.554e-14,2.4495e-16,0.033881,0.025266,1.3413,0.86272,0,1,44.888,44.888,0,0
0.78874,1.5222e-14,2.3992e-16,0.034897,0.026147,1.3351,0.86466,0,1,45.012,45.012,0,0
0.77189,1.4897e-14,2.348e-16,0.035888,0.027022,1.3285,0.86656,0,1,45.136,45.136,0,0
0.75429,1.4557e-14,2.2944e-16,0.036784,0.027858,1.3209,0.86838,0,1,45.26,45.26,0,0
0.73631,1.421e-14,2.2397e-16,0.037634,0.028676,1.3128,0.87017,0,1,45.384,45.384,0,0
0.7178,1.3853e-14,2.1834e-16,0.038349,0.029418,1.3041,0.87188,0,1,45.508,45.508,0,0
0.6989,1.3488e-14,2.126e-16,0.038967,0.030105,1.2948,0.87354,0,1,45.632,45.632,0,0
0.67967,1.3117e-14,2.0675e-16,0.039447,0.030702,1.2852,0.87516,0,1,45.756,45.756,0,0
0.66002,1.2738e-14,2.0077e-16,0.039757,0.031187,1.2751,0.8767,0,1,45.88,45.88,0,0
0.64023,1.2356e-14,1.9475e-16,0.040008,0.031637,1.2648,0.8782,0,1,46.004,46.004,0,0
0.6201,1.1967e-14,1.8862e-16,0.040101,0.031995,1.2537,0.87959,0,1,46.128,46.128,0,0
0.59996,1.1578e-14,1.825e-16,0.040192,0.032354,1.2424,0.88097,0,1,46.252,46.252,0,0
0.57983,1.119e-14,1.7638e-16,0.04023,0.03273,1.2295,0.88217,0,1,46.376,46.376,0,0
0.5597,1.0802e-14,1.7025e-16,0.040269,0.033106,1.2166,0.88337,0,1,46.5,46.5,0,0
0.54015,1.0424e-14,1.6431e-16,0.040298,0.033549,1.2017,0.88441,0,1,46.624,46.624,0,0
0.52072,1.0049e-14,1.584e-16,0.040325,0.034008,1.1862,0.8854,0,1,46.748,46.748,0,0
0.50202,9.6883e-15,1.5271e-16,0.04028,0.034465,1.1693,0.88629,0,1,46.872,46.872,0,0
0.48398,9.3402e-15,1.4722e-16,0.040168,0.034921,1.1509,0.88709,0,1,46.996,46.996,0,0
0.46628,8.9986e-15,1.4184e-16,0.040002,0.035352,1.1319,0.88785,0,1,47.12,47.12,0,0
0.45011,8.6865e-15,1.3692e-16,0.039594,0.035673,1.1105,0.88847,0,1,47.244,47.244,0,0
0.43393,8.3744e-15,1.32e-16,0.039186,0.035994,1.089,0.88908,0,1,47.368,47.368,0,0
0.41947,8.0952e-15,1.276e-16,0.038563,0.036204,1.0655,0.88957,0,1,47.492,47.492,0,0
0.40543,7.8243e-15,1.2333e-16,0.037887,0.036386,1.0415,0.89003,0,1,47.616,47.616,0,0
0.39221,7.5692e-15,1.1931e-16,0.037131,0.03652,1.0168,0.89046,0,1,47.74,47.74,0,0
0.38037,7.3407e-15,1.157e-16,0.036243,0.036574,0.99103,0.89081,0,1,47.864,47.864,0,0
0.36853,7.1122e-15,1.121e-16,0.035354,0.036628,0.96521,0.89117,0,1,47.988,47.988,0,0
0.35879,6.9241e-15,1.0914e-16,0.034334,0.03657,0.93871,0.89146,0,1,48.112,48.112,0,0
0.34926,6.7403e-15,1.0624e-16,0.0333,0.0365,0.91214,0.89176,0,1,48.236,48.236,0,0
0.34016,6.5647e-15,1.0347e-16,0.032245,0.036404,0.8855,0.89203,0,1,48.36,48.36,0,0
0.33259,6.4186e-15,1.0117e-16,0.031116,0.036218,0.85864,0.89226,0,1,48.484,48.484,0,0
0.32502,6.2725e-15,9.8867e-17,0.029986,0.036031,0.83178,0.89249,0,1,48.608,48.608,0,0
0.31836,6.1439e-15,9.684e-17,0.028841,0.035789,0.80528,0.89269,0,1,48.732,48.732,0,0
0.31251,6.0311e-15,9.5061e-17,0.027683,0.035496,0.7791,0.89286,0,1,48.856,48.856,0,0
0.30666,5.9182e-15,9.3283e-17,0.026524,0.035203,0.75293,0.89303,0,1,48.98,48.98,0,0
0.30199,5.828e-15,9.1861e-17,0.025384,0.03483,0.72788,0.89316,0,1,49.104,49.104,0,0
0.29754,5.7422e-15,9.0509e-17,0.024247,0.034442,0.70305,0.89328,0,1,49.228,49.228,0,0
0.29326,5.6596e-15,8.9206e-17,0.02312,0.034041,0.67849,0.8934,0,1,49.352,49.352,0,0
0.28992,5.5951e-15,8.819e-17,0.022041,0.03357,0.65542,0.89349,0,1,49.476,49.476,0,0
0.28658,5.5306e-15,8.7174e-17,0.020963,0.033099,0.63234,0.89358,0,1,49.6,49.6,0,0
0.28363,5.4738e-15,8.6277e-17,0.019921,0.032594,0.61019,0.89365,0,1,49.724,49.724,0,0
0.28114,5.4257e-15,8.552e-17,0.018921,0.032049,0.5891,0.89372,0,1,49.848,49.848,0,0
0.27865,5.3777e-15,8.4762e-17,0.017922,0.031503,0.56802,0.89378,0,1,49.972,49.972,0,0
0.27666,5.3393e-15,8.4157e-17,0.016991,0.030906,0.54852,0.89382,0,1,50.096,50.096,0,0
0.27482,5.3037e-15,8.3596e-17,0.01608,0.030294,0.5295,0.89386,0,1,50.22,50.22,0,0
0.27302,5.2689e-15,8.3048e-17,0.015177,0.029676,0.51064,0.8939,0,1,50.344,50.344,0,0
0.27165,5.2426e-15,8.2633e-17,0.014358,0.029001,0.49367,0.89392,0,1,50.468,50.468,0,0
0.27029,5.2163e-15,8.2219e-17,0.013538,0.028325,0.4767,0.89394,0,1,50.592,50.592,0,0
0.26907,5.1927e-15,8.1847e-17,0.012753,0.027627,0.46053,0.89395,0,1,50.716,50.716,0,0
0.26806,5.1733e-15,8.1541e-17,0.012022,0.026894,0.44555,0.89396,0,1,50.84,50.84,0,0
0.26705,5.1538e-15,8.1234e-17,0.011291,0.026161,0.43058,0.89396,0,1,50.964,50.964,0,0
0.26623,5.138e-15,8.0984e-17,0.010621,0.025393,0.41696,0.89396,0,1,51.088,51.088,0,0
0.26549,5.1236e-15,8.0757e-17,0.0099759,0.024612,0.4039,0.89395,0,1,51.212,51.212,0,0
0.26474,5.1092e-15,8.0531e-17,0.0093324,0.023829,0.39088,0.89395,0,1,51.336,51.336,0,0
0.26419,5.0985e-15,8.0363e-17,0.0087692,0.023015,0.37961,0.89393,0,1,51.46,51.46,0,0
0.26363,5.0878e-15,8.0194e-17,0.008206,0.022201,0.36834,0.89392,0,1,51.584,51.584,0,0
0.26313,5.078e-15,8.0039e-17,0.0076689,0.021384,0.35762,0.8939,0,1,51.708,51.708,0,0
0.26271,5.07e-15,7.9913e-17,0.0071839,0.020562,0.34799,0.89388,0,1,51.832,51.832,0,0
0.2623,5.062e-15,7.9787e-17,0.006699,0.019739,0.33837,0.89386,0,1,51.956,51.956,0,0
0.26195,5.0553e-15,7.9681e-17,0.0062619,0.018929,0.3297,0.89383,0,1,52.08,52.08,0,0
0.26164,5.0493e-15,7.9587e-17,0.0058511,0.018126,0.32155,0.8938,0,1,52.204,52.204,0,0
0.26133,5.0433e-15,7.9492e-17,0.0054402,0.017322,0.3134,0.89378,0,1,52.328,52.328,0,0
0.26109,5.0387e-15,7.9419e-17,0.0050953,0.016565,0.30649,0.89375,0,1,52.452,52.452,0,0
0.26085,5.0342e-15,7.9348e-17,0.0047534,0.01581,0.29964,0.89372,0,1,52.576,52.576,0,0
0.26063,5.0299e-15,7.9281e-17,0.0044283,0.015073,0.29309,0.89369,0,1,52.7,52.7,0,0
0.26046,5.0265e-15,7.9227e-17,0.004149,0.014389,0.28736,0.89365,0,1,52.824,52.824,0,0
0.26028,5.023e-15,7.9173e-17,0.0038697,0.013704,0.28164,0.89362,0,1,52.948,52.948,0,0
0.26012,5.0201e-15,7.9126e-17,0.0036225,0.013071,0.27643,0.89359,0,1,53.072,53.072,0,0
0.25999,5.0174e-15,7.9084e-17,0.0033984,0.012475,0.27161,0.89355,0,1,53.196,53.196,0,0
0.25985,5.0148e-15,7.9043e-17,0.0031744,0.011879,0.26679,0.89352,0,1,53.32,53.32,0,0
0.25974,5.0127e-15,7.901e-17,0.0029926,0.011368,0.26261,0.89348,0,1,53.444,53.444,0,0
0.25964,5.0107e-15,7.8978e-17,0.0028159,0.010867,0.25851,0.89344,0,1,53.568,53.568,0,0
0.25954,5.0087e-15,7.8947e-17,0.0026472,0.010385,0.25454,0.89341,0,1,53.692,53.692,0,0
0.25946,5.0072e-15,7.8923e-17,0.0025097,0.0099751,0.25108,0.89337,0,1,53.816,53.816,0,0
0.25937,5.0056e-15,7.8898e-17,0.0023723,0.0095652,0.24762,0.89333,0,1,53.94,53.94,0,0
0.2593,5.0042e-15,7.8876e-17,0.0022512,0.0091969,0.24445,0.8933,0,1,54.064,54.064,0,0
0.25924,5.003e-15,7.8857e-17,0.0021454,0.0088676,0.24155,0.89326,0,1,54.188,54.188,0,0
0.25918,5.0018e-15,7.8838e-17,0.0020396,0.0085383,0.23866,0.89322,0,1,54.312,54.312,0,0
0.25913,5.0008e-15,7.8823e-17,0.0019543,0.008266,0.23616,0.89318,0,1,54.436,54.436,0,0
0.25908,4.9999e-15,7.8808e-17,0.0018733,0.0080055,0.23374,0.89314,0,1,54.56,54.56,0,0
0.25903,4.999e-15,7.8794e-17,0.0017949,0.0077529,0.23139,0.89311,0,1,54.684,54.684,0,0
0.25899,4.9983e-15,7.8782e-17,0.001733,0.0075486,0.22938,0.89307,0,1,54.808,54.808,0,0
0.25896,4.9976e-15,7.8771e-17,0.0016711,0.0073442,0.22738,0.89303,0,1,54.932,54.932,0,0
0.25892,4.9969e-15,7.8761e-17,0.0016156,0.00716,0.22553,0.89299,0,1,55.056,55.056,0,0
0.2589,4.9964e-15,7.8752e-17,0.001568,0.0070001,0.22386,0.89295,0,1,55.18,55.18,0,0
0.25887,4.9958e-15,7.8744e-17,0.0015204,0.0068401,0.2222,0.89291,0,1,55.304,55.304,0,0
0.25885,4.9954e-15,7.8737e-17,0.001481,0.0067073,0.22071,0.89287,0,1,55.428,55.428,0,0
0.25883,4.995e-15,7.8731e-17,0.001444,0.0065829,0.21927,0.89283,0,1,55.552,55.552,0,0
0.2588,4.9946e-15,7.8725e-17,0.0014077,0.0064606,0.21784,0.89279,0,1,55.676,55.676,0,0
0.25879,4.9943e-15,7.872e-17,0.0013786,0.0063648,0.21652,0.89275,0,1,55.8,55.8,0,0
0.25878,4.9941e-15,7.8716e-17,0.0013495,0.006269,0.2152,0.89271,0,1,55.924,55.924,0,0
0.25876,4.9938e-15,7.8713e-17,0.0013226,0.0061821,0.21389,0.89267,0,1,56.048,56.048,0,0
0.25876,4.9937e-15,7.871e-17,0.0012992,0.0061094,0.2126,0.89263,0,1,56.172,56.172,0,0
0.25875,4.9935e-15,7.8708e-17,0.0012758,0.0060367,0.2113,0.89259,0,1,56.296,56.296,0,0
0.25874,4.9934e-15,7.8706e-17,0.0012553,0.0059768,0.20998,0.89256,0,1,56.42,56.42,0,0
0.25874,4.9934e-15,7.8706e-17,0.001236,0.0059225,0.20865,0.89252,0,1,56.544,56.544,0,0
0.25874,4.9934e-15,7.8705e-17,0.0012168,0.0058683,0.20733,0.89248,0,1,56.668,56.668,0,0
0.25874,4.9934e-15,7.8706e-17,0.0012005,0.0058281,0.20594,0.89244,0,1,56.792,56.792,0,0
0.25875,4.9935e-15,7.8707e-17,0.0011841,0.005788,0.20456,0.8924,0,1,56.916,56.916,0,0
0.25875,4.9936e-15,7.8708e-17,0.0011685,0.0057512,0.20315,0.89236,0,1,57.04,57.04,0,0
0.25876,4.9937e-15,7.8711e-17,0.0011543,0.0057216,0.20171,0.89232,0,1,57.164,57.164,0,0
0.25877,4.9939e-15,7.8713e-17,0.00114,0.005692,0.20027,0.89228,0,1,57.288,57.288,0,0
0.25878,4.9941e-15,7.8717e-17,0.0011267,0.0056673,0.1988,0.89224,0,1,57.412,57.412,0,0
0.25879,4.9944e-15,7.8721e-17,0.001114,0.0056453,0.19731,0.8922,0,1,57.536,57.536,0,0
0.2588,4.9946e-15,7.8725e-17,0.0011012,0.0056233,0.19582,0.89216,0,1,57.66,57.66,0,0
0.25882,4.995e-15,7.873e-17,0.0010894,0.0056061,0.19431,0.89212,0,1,57.784,57.784,0,0
0.25884,4.9953e-15,7.8736e-17,0.0010776,0.0055892,0.19279,0.89208,0,1,57.908,57.908,0,0
0.25886,4.9957e-15,7.8742e-17,0.0010661,0.0055731,0.19128,0.89204,0,1,58.032,58.032,0,0
0.25888,4.9962e-15,7.8749e-17,0.001055,0.0055594,0.18975,0.892,0,1,58.156,58.156,0,0
0.25891,4.9966e-15,7.8756e-17,0.0010439,0.0055457,0.18823,0.89196,0,1,58.28,58.28,0,0
0.25893,4.9971e-15,7.8764e-17,0.0010331,0.0055329,0.18671,0.89192,0,1,58.404,58.404,0,0
0.25896,4.9977e-15,7.8773e-17,0.0010225,0.0055208,0.1852,0.89189,0,1,58.528,58.528,0,0
0.25899,4.9982e-15,7.8782e-17,0.0010119,0.0055087,0.18369,0.89185,0,1,58.652,58.652,0,0
0.25903,4.9989e-15,7.8792e-17,0.0010016,0.005497,0.1822,0.89181,0,1,58.776,58.776,0,0
0.25906,4.9995e-15,7.8802e-17,0.00099131,0.0054854,0.18071,0.89177,0,1,58.9,58.9,0,0
0.25909,5.0002e-15,7.8813e-17,0.00098108,0.0054738,0.17923,0.89173,0,1,59.024,59.024,0,0
0.25913,5.001e-15,7.8825e-17,0.00097103,0.0054618,0.17777,0.89169,0,1,59.148,59.148,0,0
0.25917,5.0017e-15,7.8836e-17,0.00096098,0.0054498,0.17632,0.89165,0,1,59.272,59.272,0,0
0.25921,5.0025e-15,7.8849e-17,0.00095103,0.0054374,0.17489,0.89162,0,1,59.396,59.396,0,0
0.25926,5.0034e-15,7.8862e-17,0.00094116,0.0054246,0.17349,0.89158,0,1,59.52,59.52,0,0
0.2593,5.0042e-15,7.8876e-17,0.0009313,0.0054117,0.17208,0.89154,0,1,59.644,59.644,0,0
0.25935,5.0051e-15,7.889e-17,0.00092156,0.0053979,0.17072,0.8915,0,1,59.768,59.768,0,0
0.2594,5.0061e-15,7.8905e-17,0.00091186,0.0053838,0.16936,0.89146,0,1,59.892,59.892,0,0
0.25945,5.007e-15,7.892e-17,0.00090218,0.0053695,0.16801,0.89142,0,1,60.016,60.016,0,0
0.2595,5.0081e-15,7.8937e-17,0.00089265,0.005354,0.16671,0.89139,0,1,60.14,60.14,0,0
0.25956,5.0091e-15,7.8953e-17,0.00088312,0.0053386,0.16541,0.89135,0,1,60.264,60.264,0,0
0.25961,5.0102e-15,7.897e-17,0.00087367,0.0053225,0.16414,0.89131,0,1,60.388,60.388,0,0
0.25967,5.0113e-15,7.8988e-17,0.00086433,0.0053056,0.16289,0.89127,0,1,60.512,60.512,0,0
0.25973,5.0125e-15,7.9006e-17,0.00085498,0.0052888,0.16165,0.89124,0,1,60.636,60.636,0,0
0.25979,5.0137e-15,7.9025e-17,0.0008458,0.005271,0.16045,0.8912,0,1,60.76,60.76,0,0
0.25986,5.0149e-15,7.9045e-17,0.00083668,0.0052529,0.15927,0.89116,0,1,60.884,60.884,0,0
0.25992,5.0161e-15,7.9064e-17,0.00082757,0.0052347,0.15808,0.89112,0,1,61.008,61.008,0,0
0.25999,5.0175e-15,7.9085e-17,0.0008187,0.0052155,0.15696,0.89109,0,1,61.132,61.132,0,0
0.26006,5.0188e-15,7.9106e-17,0.00080982,0.0051963,0.15583,0.89105,0,1,61.256,61.256,0,0
0.26013,5.0202e-15,7.9127e-17,0.00080106,0.0051768,0.15473,0.89101,0,1,61.38,61.38,0,0
0.2602,5.0216e-15,7.915e-17,0.00079248,0.0051568,0.15366,0.89098,0,1,61.504,61.504,0,0
0.26028,5.023e-15,7.9172e-17,0.00078389,0.0051368,0.15259,0.89094,0,1,61.628,61.628,0,0
0.26035,5.0245e-15,7.9195e-17,0.00077553,0.0051165,0.15156,0.8909,0,1,61.752,61.752,0,0
0.26043,5.026e-15,7.9219e-17,0.00076728,0.0050959,0.15055,0.89087,0,1,61.876,61.876,0,0
0.26051,5.0275e-15,7.9243e-17,0.00075902,0.0050754,0.14954,0.89083,0,1,62,62,0,0
0.26059,5.0291e-15,7.9268e-17,0.00075111,0.0050546,0.14859,0.89079,0,1,62.124,62.124,0,0
0.26067,5.0307e-15,7.9293e-17,0.0007432,0.0050338,0.14763,0.89076,0,1,62.248,62.248,0,0
0.26076,5.0323e-15,7.9319e-17,0.00073541,0.005013,0.14669,0.89072,0,1,62.372,62.372,0,0
0.26085,5.034e-15,7.9346e-17,0.00072788,0.0049922,0.14579,0.89068,0,1,62.496,62.496,0,0
0.26093,5.0357e-15,7.9372e-17,0.00072035,0.0049714,0.14489,0.89065,0,1,62.62,62.62,0,0
0.26102,5.0375e-15,7.94e-17,0.00071306,0.0049507,0.14402,0.89061,0,1,62.744,62.744,0,0
0.26112,5.0392e-15,7.9428e-17,0.00070592,0.0049301,0.14317,0.89058,0,1,62.868,62.868,0,0
0.26121,5.041e-15,7.9456e-17,0.00069878,0.0049095,0.14232,0.89054,0,1,62.992,62.992,0,0
0.26131,5.0429e-15,7.9485e-17,0.00069201,0.0048894,0.14152,0.8905,0,1,63.116,63.116,0,0
0.2614,5.0447e-15,7.9515e-17,0.00068526,0.0048692,0.14072,0.89047,0,1,63.24,63.24,0,0
0.2615,5.0466e-15,7.9545e-17,0.00067862,0.0048492,0.13993,0.89043,0,1,63.364,63.364,0,0
0.2616,5.0486e-15,7.9575e-17,0.00067227,0.0048297,0.13918,0.8904,0,1,63.488,63.488,0,0
0.2617,5.0505e-15,7.9606e-17,0.00066592,0.0048101,0.13843,0.89036,0,1,63.612,63.612,0,0
0.26181,5.0525e-15,7.9638e-17,0.00065979,0.004791,0.13771,0.89033,0,1,63.736,63.736,0,0
0.26191,5.0546e-15,7.967e-17,0.00065383,0.0047721,0.137,0.89029,0,1,63.86,63.86,0,0
0.26202,5.0566e-15,7.9702e-17,0.00064787,0.0047533,0.13629,0.89026,0,1,63.984,63.984,0,0
0.26213,5.0587e-15,7.9735e-17,0.00064224,0.0047351,0.13563,0.89022,0,1,64.108,64.108,0,0
0.26224,5.0608e-15,7.9769e-17,0.00063666,0.0047171,0.13496,0.89019,0,1,64.232,64.232,0,0
0.26235,5.063e-15,7.9802e-17,0.00063114,0.0046991,0.13431,0.89015,0,1,64.356,64.356,0,0
0.26246,5.0652e-15,7.9837e-17,0.00062591,0.0046819,0.13368,0.89012,0,1,64.48,64.48,0,0
0.26258,5.0674e-15,7.9872e-17,0.00062069,0.0046646,0.13306,0.89008,0,1,64.604,64.604,0,0
0.26269,5.0696e-15,7.9907e-17,0.00061563,0.0046477,0.13245,0.89005,0,1,64.728,64.728,0,0
0.26281,5.0719e-15,7.9943e-17,0.00061073,0.0046313,0.13186,0.89001,0,1,64.852,64.852,0,0
0.26293,5.0742e-15,7.9979e-17,0.00060584,0.0046148,0.13128,0.88998,0,1,64.976,64.976,0,0
0.26305,5.0766e-15,8.0016e-17,0.00060119,0.004599,0.13072,0.88994,0,1,65.1,65.1,0,0
0.26317,5.0789e-15,8.0054e-17,0.00059661,0.0045834,0.13016,0.88991,0,1,65.224,65.224,0,0
0.2633,5.0813e-15,8.0091e-17,0.00059206,0.0045678,0.12961,0.88987,0,1,65.348,65.348,0,0
0.26342,5.0837e-15,8.013e-17,0.00058776,0.004553,0.12909,0.88984,0,1,65.472,65.472,0,0
0.26355,5.0862e-15,8.0168e-17,0.00058347,0.0045381,0.12857,0.8898,0,1,65.596,65.596,0,0
0.26368,5.0887e-15,8.0207e-17,0.00057928,0.0045235,0.12806,0.88977,0,1,65.72,65.72,0,0
0.26381,5.0912e-15,8.0247e-17,0.00057524,0.0045094,0.12756,0.88973,0,1,65.844,65.844,0,0
0.26394,5.0937e-15,8.0287e-17,0.00057121,0.0044953,0.12706,0.8897,0,1,65.968,65.968,0,0
0.26407,5.0963e-15,8.0327e-17,0.00056735,0.0044817,0.12659,0.88967,0,1,66.092,66.092,0,0
0.26421,5.0989e-15,8.0368e-17,0.00056355,0.0044683,0.12612,0.88963,0,1,66.216,66.216,0,0
0.26434,5.1015e-15,8.0409e-17,0.00055977,0.0044549,0.12565,0.8896,0,1,66.34,66.34,0,0
0.26448,5.1041e-15,8.0451e-17,0.0005562,0.0044422,0.1252,0.88956,0,1,66.464,66.464,0,0
0.26462,5.1068e-15,8.0493e-17,0.00055262,0.0044295,0.12476,0.88953,0,1,66.588,66.588,0,0
0.26476,5.1095e-15,8.0535e-17,0.00054912,0.004417,0.12432,0.8895,0,1,66.712,66.712,0,0
0.2649,5.1122e-15,8.0578e-17,0.00054575,0.004405,0.12389,0.88946,0,1,66.836,66.836,0,0
0.26504,5.1149e-15,8.0621e-17,0.00054238,0.0043929,0.12346,0.88943,0,1,66.96,66.96,0,0
0.26518,5.1177e-15,8.0664e-17,0.00053913,0.0043813,0.12305,0.88939,0,1,67.084,67.084,0,0
0.26533,5.1205e-15,8.0708e-17,0.00053595,0.00437,0.12264,0.88936,0,1,67.208,67.208,0,0
0.26547,5.1232e-15,8.0752e-17,0.00053277,0.0043586,0.12223,0.88933,0,1,67.332,67.332,0,0
0.26562,5.1261e-15,8.0797e-17,0.00052975,0.0043478,0.12184,0.88929,0,1,67.456,67.456,0,0
0.26576,5.1289e-15,8.0842e-17,0.00052674,0.0043371,0.12145,0.88926,0,1,67.58,67.58,0,0
0.26591,5.1318e-15,8.0887e-17,0.00052378,0.0043265,0.12106,0.88923,0,1,67.704,67.704,0,0
0.26606,5.1347e-15,8.0933e-17,0.00052093,0.0043163,0.12068,0.88919,0,1,67.828,67.828,0,0
0.26621,5.1376e-15,8.0978e-17,0.00051807,0.0043062,0.12031,0.88916,0,1,67.952,67.952,0,0
0.26636,5.1405e-15,8.1024e-17,0.00051531,0.0042964,0.11994,0.88913,0,1,68.076,68.076,0,0
0.26652,5.1435e-15,8.1071e-17,0.0005126,0.0042868,0.11958,0.88909,0,1,68.2,68.2,0,0
0.26667,5.1464e-15,8.1117e-17,0.0005099,0.0042772,0.11921,0.88906,0,1,68.324,68.324,0,0
0.26682,5.1494e-15,8.1164e-17,0.00050731,0.0042681,0.11886,0.88903,0,1,68.448,68.448,0,0
0.26698,5.1524e-15,8.1211e-17,0.00050473,0.004259,0.11851,0.88899,0,1,68.572,68.572,0,0
0.26713,5.1554e-15,8.1258e-17,0.00050218,0.00425,0.11816,0.88896,0,1,68.696,68.696,0,0
0.26729,5.1584e-15,8.1306e-17,0.00049972,0.0042414,0.11782,0.88893,0,1,68.82,68.82,0,0
0.26745,5.1614e-15,8.1354e-17,0.00049727,0.0042328,0.11748,0.88889,0,1,68.944,68.944,0,0
0.26761,5.1645e-15,8.1402e-17,0.00049486,0.0042244,0.11714,0.88886,0,1,69.068,69.068,0,0
0.26776,5.1675e-15,8.145e-17,0.00049251,0.0042161,0.11681,0.88883,0,1,69.192,69.192,0,0
0.26792,5.1706e-15,8.1498e-17,0.00049015,0.0042078,0.11648,0.88879,0,1,69.316,69.316,0,0
0.26808,5.1737e-15,8.1547e-17,0.00048787,0.0041999,0.11616,0.88876,0,1,69.44,69.44,0,0
0.26824,5.1768e-15,8.1596e-17,0.0004856,0.004192,0.11584,0.88873,0,1,69.564,69.564,0,0
0.2684,5.1799e-15,8.1645e-17,0.00048335,0.0041841,0.11552,0.88869,0,1,69.688,69.688,0,0
0.26857,5.183e-15,8.1694e-17,0.00048116,0.0041765,0.11521,0.88866,0,1,69.812,69.812,0,0
0.26873,5.1861e-15,8.1743e-17,0.00047897,0.0041688,0.11489,0.88863,0,1,69.936,69.936,0,0
0.26889,5.1892e-15,8.1792e-17,0.00047681,0.0041613,0.11458,0.8886,0,1,70.06,70.06,0,0
0.26905,5.1924e-15,8.1842e-17,0.00047469,0.0041539,0.11427,0.88856,0,1,70.184,70.184,0,0
0.26921,5.1955e-15,8.1891e-17,0.00047257,0.0041465,0.11397,0.88853,0,1,70.308,70.308,0,0
0.26938,5.1987e-15,8.1941e-17,0.00047049,0.0041392,0.11367,0.8885,0,1,70.432,70.432,0,0
0.26954,5.2018e-15,8.1991e-17,0.00046842,0.0041319,0.11336,0.88846,0,1,70.556,70.556,0,0
0.26971,5.205e-15,8.2041e-17,0.00046637,0.0041247,0.11306,0.88843,0,1,70.68,70.68,0,0
0.26987,5.2082e-15,8.2091e-17,0.00046435,0.0041177,0.11277,0.8884,0,1,70.804,70.804,0,0
0.27003,5.2113e-15,8.2141e-17,0.00046234,0.0041106,0.11247,0.88837,0,1,70.928,70.928,0,0
0.2702,5.2145e-15,8.2191e-17,0.00046034,0.0041036,0.11218,0.88833,0,1,71.052,71.052,0,0
0.27036,5.2177e-15,8.2241e-17,0.00045837,0.0040967,0.11189,0.8883,0,1,71.176,71.176,0,0
0.27053,5.2209e-15,8.2291e-17,0.0004564,0.0040898,0.1116,0.88827,0,1,71.3,71.3,0,0
0.27069,5.2241e-15,8.2341e-17,0.00045446,0.0040829,0.11131,0.88824,0,1,71.424,71.424,0,0
0.27086,5.2273e-15,8.2392e-17,0.00045254,0.0040762,0.11102,0.8882,0,1,71.548,71.548,0,0
0.27103,5.2304e-15,8.2442e-17,0.00045061,0.0040694,0.11073,0.88817,0,1,71.672,71.672,0,0
0.27119,5.2336e-15,8.2492e-17,0.00044873,0.0040628,0.11045,0.88814,0,1,71.796,71.796,0,0
0.27136,5.2368e-15,8.2543e-17,0.00044685,0.0040562,0.11016,0.88811,0,1,71.92,71.92,0,0
0.27152,5.24e-15,8.2593e-17,0.00044498,0.0040496,0.10988,0.88807,0,1,72.044,72.044,0,0
0.27169,5.2432e-15,8.2643e-17,0.00044314,0.0040431,0.1096,0.88804,0,1,72.168,72.168,0,0
0.27185,5.2464e-15,8.2694e-17,0.00044129,0.0040366,0.10932,0.88801,0,1,72.292,72.292,0,0
0.27202,5.2496e-15,8.2744e-17,0.00043948,0.0040303,0.10904,0.88798,0,1,72.416,72.416,0,0
0.27218,5.2528e-15,8.2794e-17,0.00043769,0.004024,0.10877,0.88795,0,1,72.54,72.54,0,0
0.27235,5.256e-15,8.2844e-17,0.00043589,0.0040177,0.10849,0.88791,0,1,72.664,72.664,0,0
0.27251,5.2592e-15,8.2895e-17,0.00043414,0.0040115,0.10822,0.88788,0,1,72.788,72.788,0,0
0.27268,5.2624e-15,8.2945e-17,0.0004324,0.0040054,0.10795,0.88785,0,1,72.912,72.912,0,0
0.27284,5.2655e-15,8.2995e-17,0.00043066,0.0039993,0.10768,0.88782,0,1,73.036,73.036,0,0
0.27301,5.2687e-15,8.3045e-17,0.00042896,0.0039934,0.10742,0.88779,0,1,73.16,73.16,0,0
0.27317,5.2719e-15,8.3095e-17,0.00042727,0.0039875,0.10715,0.88775,0,1,73.284,73.284,0,0
0.27334,5.275e-15,8.3145e-17,0.0004256,0.0039817,0.10689,0.88772,0,1,73.408,73.408,0,0
0.2735,5.2782e-15,8.3195e-17,0.00042395,0.0039759,0.10663,0.88769,0,1,73.532,73.532,0,0
0.27366,5.2814e-15,8.3245e-17,0.0004223,0.0039702,0.10637,0.88766,0,1,73.656,73.656,0,0
0.27383,5.2845e-15,8.3294e-17,0.00042071,0.0039646,0.10611,0.88763,0,1,73.78,73.78,0,0
0.27399,5.2877e-15,8.3344e-17,0.00041911,0.0039591,0.10586,0.88759,0,1,73.904,73.904,0,0
0.27415,5.2908e-15,8.3394e-17,0.00041753,0.0039537,0.1056,0.88756,0,1,74.028,74.028,0,0
0.27432,5.294e-15,8.3443e-17,0.00041598,0.0039484,0.10535,0.88753,0,1,74.152,74.152,0,0
0.27448,5.2971e-15,8.3492e-17,0.00041444,0.0039431,0.1051,0.8875,0,1,74.276,74.276,0,0
0.27464,5.3002e-15,8.3542e-17,0.00041293,0.003938,0.10486,0.88747,0,1,74.4,74.4,0,0
0.2748,5.3033e-15,8.3591e-17,0.00041143,0.003933,0.10461,0.88743,0,1,74.524,74.524,0,0
0.27496,5.3064e-15,8.364e-17,0.00040994,0.0039279,0.10437,0.8874,0,1,74.648,74.648,0,0
0.27512,5.3096e-15,8.3689e-17,0.0004085,0.0039232,0.10412,0.88737,0,1,74.772,74.772,0,0
0.27528,5.3126e-15,8.3738e-17,0.00040707,0.0039184,0.10388,0.88734,0,1,74.896,74.896,0,0
0.27544,5.3157e-15,8.3786e-17,0.00040564,0.0039137,0.10364,0.88731,0,1,75.02,75.02,0,0
0.2756,5.3188e-15,8.3835e-17,0.00040425,0.0039092,0.10341,0.88728,0,1,75.144,75.144,0,0
0.27576,5.3219e-15,8.3883e-17,0.00040287,0.0039048,0.10317,0.88724,0,1,75.268,75.268,0,0
0.27592,5.325e-15,8.3932e-17,0.00040151,0.0039004,0.10294,0.88721,0,1,75.392,75.392,0,0
0.27608,5.328e-15,8.398e-17,0.00040018,0.0038962,0.10271,0.88718,0,1,75.516,75.516,0,0
0.27624,5.3311e-15,8.4028e-17,0.00039885,0.0038919,0.10248,0.88715,0,1,75.64,75.64,0,0
0.2764,5.3341e-15,8.4076e-17,0.00039756,0.0038879,0.10226,0.88712,0,1,75.764,75.764,0,0
0.27655,5.3372e-15,8.4124e-17,0.00039629,0.0038839,0.10203,0.88709,0,1,75.888,75.888,0,0
0.27671,5.3402e-15,8.4172e-17,0.00039502,0.0038799,0.10181,0.88705,0,1,76.012,76.012,0,0
0.27687,5.3433e-15,8.422e-17,0.00039379,0.0038761,0.1016,0.88702,0,1,76.136,76.136,0,0
0.27703,5.3463e-15,8.4268e-17,0.00039256,0.0038722,0.10138,0.88699,0,1,76.26,76.26,0,0
0.27719,5.3494e-15,8.4316e-17,0.00039135,0.0038683,0.10117,0.88696,0,1,76.384,76.384,0,0
0.27734,5.3524e-15,8.4364e-17,0.00039014,0.0038644,0.10096,0.88693,0,1,76.508,76.508,0,0
0.2775,5.3554e-15,8.4412e-17,0.00038895,0.0038605,0.10075,0.8869,0,1,76.632,76.632,0,0
0.27766,5.3585e-15,8.446e-17,0.00038777,0.0038566,0.10055,0.88687,0,1,76.756,76.756,0,0
0.27781,5.3615e-15,8.4507e-17,0.0003866,0.0038527,0.10034,0.88684,0,1,76.88,76.88,0,0
0.27797,5.3645e-15,8.4555e-17,0.00038543,0.0038486,0.10015,0.8868,0,1,77.004,77.004,0,0
0.27813,5.3675e-15,8.4602e-17,0.00038427,0.0038446,0.09995,0.88677,0,1,77.128,77.128,0,0
0.27828,5.3705e-15,8.465e-17,0.00038311,0.0038404,0.099756,0.88674,0,1,77.252,77.252,0,0
0.27844,5.3735e-15,8.4697e-17,0.00038196,0.0038362,0.099565,0.88671,0,1,77.376,77.376,0,0
0.2786,5.3765e-15,8.4745e-17,0.00038081,0.003832,0.099375,0.88668,0,1,77.5,77.5,0,0
0.27875,5.3795e-15,8.4792e-17,0.00037967,0.0038278,0.099188,0.88665,0,1,77.624,77.624,0,0
0.27891,5.3825e-15,8.4839e-17,0.00037853,0.0038235,0.099001,0.88662,0,1,77.748,77.748,0,0
0.27906,5.3855e-15,8.4886e-17,0.00037739,0.0038191,0.098816,0.88659,0,1,77.872,77.872,0,0
0.27922,5.3885e-15,8.4933e-17,0.00037626,0.0038148,0.098633,0.88655,0,1,77.996,77.996,0,0
0.27937,5.3915e-15,8.498e-17,0.00037514,0.0038105,0.098449,0.88652,0,1,78.12,78.12,0,0
0.27952,5.3944e-15,8.5027e-17,0.00037403,0.0038062,0.098266,0.88649,0,1,78.244,78.244,0,0
0.27968,5.3974e-15,8.5073e-17,0.00037292,0.0038021,0.098083,0.88646,0,1,78.368,78.368,0,0
0.27983,5.4004e-15,8.512e-17,0.00037182,0.0037979,0.097899,0.88643,0,1,78.492,78.492,0,0
0.27998,5.4033e-15,8.5166e-17,0.00037073,0.0037939,0.097715,0.8864,0,1,78.616,78.616,0,0
0.28013,5.4062e-15,8.5213e-17,0.00036965,0.00379,0.097531,0.88637,0,1,78.74,78.74,0,0
0.28029,5.4092e-15,8.5259e-17,0.00036857,0.0037863,0.097345,0.88634,0,1,78.864,78.864,0,0
0.28044,5.4121e-15,8.5305e-17,0.00036752,0.0037827,0.097157,0.88631,0,1,78.988,78.988,0,0
0.28059,5.415e-15,8.5351e-17,0.00036646,0.0037791,0.096969,0.88628,0,1,79.112,79.112,0,0
0.28074,5.4179e-15,8.5397e-17,0.00036542,0.0037758,0.09678,0.88624,0,1,79.236,79.236,0,0
0.28089,5.4209e-15,8.5443e-17,0.00036439,0.0037725,0.09659,0.88621,0,1,79.36,79.36,0,0
0.28104,5.4238e-15,8.5489e-17,0.00036337,0.0037694,0.096398,0.88618,0,1,79.484,79.484,0,0
0.28119,5.4267e-15,8.5534e-17,0.00036236,0.0037665,0.096206,0.88615,0,1,79.608,79.608,0,0
0.28134,5.4295e-15,8.558e-17,0.00036137,0.0037638,0.096014,0.88612,0,1,79.732,79.732,0,0
0.28149,5.4324e-15,8.5625e-17,0.00036039,0.0037611,0.095821,0.88609,0,1,79.856,79.856,0,0
0.28164,5.4353e-15,8.5671e-17,0.00035943,0.0037586,0.095628,0.88606,0,1,79.98,79.98,0,0
0.28179,5.4382e-15,8.5716e-17,0.00035849,0.0037563,0.095434,0.88603,0,1,80.104,80.104,0,0
0.28194,5.441e-15,8.5761e-17,0.00035757,0.0037543,0.095242,0.886,0,1,80.228,80.228,0,0
0.28208,5.4439e-15,8.5806e-17,0.00035667,0.0037524,0.09505,0.88597,0,1,80.352,80.352,0,0
0.28223,5.4467e-15,8.5851e-17,0.00035577,0.0037505,0.094859,0.88594,0,1,80.476,80.476,0,0
0.28238,5.4496e-15,8.5896e-17,0.0003549,0.0037489,0.09467,0.88591,0,1,80.6,80.6,0,0
0.28253,5.4524e-15,8.594e-17,0.00035405,0.0037473,0.09448,0.88588,0,1,80.724,80.724,0,0
0.28267,5.4552e-15,8.5985e-17,0.0003532,0.0037457,0.094294,0.88585,0,1,80.848,80.848,0,0
0.28282,5.458e-15,8.6029e-17,0.00035235,0.0037441,0.094107,0.88581,0,1,80.972,80.972,0,0
0.28296,5.4608e-15,8.6073e-17,0.0003515,0.0037425,0.093923,0.88578,0,1,81.096,81.096,0,0
0.28311,5.4636e-15,8.6118e-17,0.00035066,0.0037409,0.093738,0.88575,0,1,81.22,81.22,0,0
0.28325,5.4664e-15,8.6162e-17,0.00034984,0.0037394,0.093556,0.88572,0,1,81.344,81.344,0,0
0.2834,5.4692e-15,8.6205e-17,0.00034899,0.0037376,0.093374,0.88569,0,1,81.468,81.468,0,0
0.28354,5.472e-15,8.6249e-17,0.00034814,0.0037357,0.093194,0.88566,0,1,81.592,81.592,0,0
0.28368,5.4748e-15,8.6293e-17,0.00034729,0.0037336,0.093016,0.88563,0,1,81.716,81.716,0,0
0.28383,5.4775e-15,8.6336e-17,0.00034644,0.0037316,0.092839,0.8856,0,1,81.84,81.84,0,0
0.28397,5.4802e-15,8.6379e-17,0.00034559,0.0037295,0.092664,0.88557,0,1,81.964,81.964,0,0
0.28411,5.483e-15,8.6422e-17,0.00034472,0.0037271,0.09249,0.88554,0,1,82.088,82.088,0,0
0.28425,5.4857e-15,8.6465e-17,0.00034383,0.0037244,0.092317,0.88551,0,1,82.212,82.212,0,0
0.28439,5.4884e-15,8.6508e-17,0.00034291,0.0037214,0.092147,0.88548,0,1,82.336,82.336,0,0
0.28453,5.4911e-15,8.6551e-17,0.00034204,0.0037188,0.091977,0.88545,0,1,82.46,82.46,0,0
0.28467,5.4938e-15,8.6593e-17,0.00034119,0.0037164,0.091808,0.88542,0,1,82.584,82.584,0,0
0.28481,5.4965e-15,8.6636e-17,0.00034033,0.0037137,0.091643,0.88539,0,1,82.708,82.708,0,0
0.28495,5.4992e-15,8.6678e-17,0.00033951,0.0037114,0.091478,0.88536,0,1,82.832,82.832,0,0
0.28509,5.5019e-15,8.672e-17,0.00033874,0.0037096,0.091314,0.88533,0,1,82.956,82.956,0,0
0.28523,5.5045e-15,8.6762e-17,0.00033807,0.003709,0.09115,0.8853,0,1,83.08,83.08,0,0
0.28536,5.5072e-15,8.6804e-17,0.00033721,0.0037061,0.090987,0.88527,0,1,83.204,83.204,0,0
0.2855,5.5098e-15,8.6845e-17,0.00033626,0.0037024,0.090824,0.88524,0,1,83.328,83.328,0,0
0.28564,5.5124e-15,8.6887e-17,0.0003354,0.0036997,0.090656,0.88521,0,1,83.452,83.452,0,0
0.28577,5.5151e-15,8.6928e-17,0.00033528,0.0037048,0.090499,0.88518,0,1,83.576,83.576,0,0
0.28591,5.5177e-15,8.6969e-17,0.00033578,0.0037167,0.090343,0.88515,0,1,83.7,83.7,0,0
0.28604,5.5203e-15,8.701e-17,0.00033693,0.0037359,0.09019,0.88512,0,1,83.824,83.824,0,0
0.28618,5.5229e-15,8.7052e-17,0.00033883,0.0037628,0.090049,0.88509,0,1,83.948,83.948,0,0
0.28631,5.5255e-15,8.7093e-17,0.00034129,0.0037961,0.089906,0.88505,0,1,84.072,84.072,0,0
0.28645,5.5281e-15,8.7134e-17,0.00034423,0.003835,0.089762,0.88502,0,1,84.196,84.196,0,0
0.28659,5.5307e-15,8.7175e-17,0.0003476,0.0038789,0.089614,0.88499,0,1,84.32,84.32,0,0
0.28672,5.5334e-15,8.7217e-17,0.0003513,0.003927,0.089458,0.88496,0,1,84.444,84.444,0,0
0.28686,5.536e-15,8.7258e-17,0.00035544,0.0039806,0.089293,0.88492,0,1,84.568,84.568,0,0
0.287,5.5387e-15,8.7301e-17,0.00036004,0.0040386,0.089149,0.88489,0,1,84.692,84.692,0,0
0.28714,5.5415e-15,8.7344e-17,0.00036504,0.0041026,0.088982,0.88485,0,1,84.816,84.816,0,0
0.28729,5.5443e-15,8.7388e-17,0.00037036,0.0041706,0.088804,0.88482,0,1,84.94,84.94,0,0
0.28744,5.5472e-15,8.7434e-17,0.00037581,0.0042377,0.088681,0.88478,0,1,85.064,85.064,0,0
0.28759,5.5502e-15,8.7481e-17,0.00038124,0.0042982,0.088699,0.88474,0,1,85.188,85.188,0,0
0.28776,5.5533e-15,8.7531e-17,0.00038661,0.0043508,0.088859,0.88469,0,1,85.312,85.312,0,0
0.28793,5.5567e-15,8.7584e-17,0.00039195,0.0043954,0.08917,0.88464,0,1,85.436,85.436,0,0
0.28812,5.5603e-15,8.7641e-17,0.0003974,0.0044354,0.089596,0.88459,0,1,85.56,85.56,0,0
0.28832,5.5642e-15,8.7702e-17,0.00040309,0.0044722,0.090128,0.88453,0,1,85.684,85.684,0,0
0.28854,5.5685e-15,8.777e-17,0.00040914,0.004508,0.090756,0.88447,0,1,85.808,85.808,0,0
0.28879,5.5733e-15,8.7845e-17,0.00041567,0.0045446,0.091461,0.8844,0,1,85.932,85.932,0,0
0.28907,5.5787e-15,8.793e-17,0.0004227,0.0045829,0.092231,0.88432,0,1,86.056,86.056,0,0
0.28939,5.5848e-15,8.8028e-17,0.00043034,0.0046247,0.09305,0.88422,0,1,86.18,86.18,0,0
0.28976,5.5919e-15,8.814e-17,0.00043857,0.0046696,0.093916,0.88411,0,1,86.304,86.304,0,0
0.29019,5.6002e-15,8.8271e-17,0.00044729,0.0047161,0.094841,0.88399,0,1,86.428,86.428,0,0
0.29069,5.61e-15,8.8424e-17,0.00045676,0.0047658,0.095838,0.88384,0,1,86.552,86.552,0,0
0.29129,5.6216e-15,8.8607e-17,0.00046686,0.0048168,0.096921,0.88366,0,1,86.676,86.676,0,0
0.29202,5.6355e-15,8.8827e-17,0.00047705,0.0048621,0.098114,0.88344,0,1,86.8,86.8,0,0
0.29289,5.6524e-15,8.9093e-17,0.00048698,0.0048975,0.09943,0.88318,0,1,86.924,86.924,0,0
0.29394,5.6728e-15,8.9414e-17,0.00049666,0.0049238,0.10087,0.88286,0,1,87.048,87.048,0,0
0.29522,5.6974e-15,8.9802e-17,0.00050635,0.004944,0.10242,0.88247,0,1,87.172,87.172,0,0
0.29677,5.7273e-15,9.0273e-17,0.00051636,0.0049626,0.10405,0.88201,0,1,87.296,87.296,0,0
0.29866,5.7638e-15,9.0848e-17,0.00052709,0.0049627,0.10576,0.88143,0,1,87.42,87.42,0,0
0.30099,5.8088e-15,9.1558e-17,0.00053908,0.0045064,0.10755,0.8807,0,1,87.544,87.544,0,0
0.30382,5.8634e-15,9.2418e-17,0.00055258,0.0038001,0.10947,0.8798,0,1,87.668,87.668,0,0
0.30725,5.9295e-15,9.3461e-17,0.00056793,0.0031799,0.1116,0.87871,0,1,87.792,87.792,0,0
0.31158,6.013e-15,9.4777e-17,0.00058627,0.0026705,0.11412,0.87733,0,1,87.916,87.916,0,0
0.31684,6.1146e-15,9.6378e-17,0.00060754,0.0022377,0.11719,0.87564,0,1,88.04,88.04,0,0
0.32339,6.241e-15,9.837e-17,0.00063264,0.0018792,0.12116,0.87351,0,1,88.164,88.164,0,0
0.33153,6.3981e-15,1.0085e-16,0.00066239,0.001585,0.12632,0.8708,0,1,88.288,88.288,0,0
0.34162,6.5928e-15,1.0392e-16,0.00069733,0.0013428,0.13312,0.86736,0,1,88.412,88.412,0,0
0.35413,6.8343e-15,1.0772e-16,0.00073809,0.0011436,0.14228,0.86297,0,1,88.536,88.536,0,0
0.36978,7.1363e-15,1.1248e-16,0.00078627,0.00098085,0.1549,0.85727,0,1,88.66,88.66,0,0
0.38902,7.5075e-15,1.1833e-16,0.00084251,0.00084629,0.17193,0.84994,0,1,88.784,88.784,0,0
0.41302,7.9709e-15,1.2564e-16,0.00090881,0.00073721,0.19563,0.84027,0,1,88.908,88.908,0,0
0.44278,8.545e-15,1.3469e-16,0.00098666,0.00064891,0.22829,0.82747,0,1,89.032,89.032,0,0
0.47928,9.2495e-15,1.4579e-16,0.0010778,0.00057818,0.27234,0.81058,0,1,89.156,89.156,0,0
0.52382,1.0109e-14,1.5934e-16,0.0011847,0.00052333,0.33061,0.78818,0,1,89.28,89.28,0,0
0.57764,1.1148e-14,1.7571e-16,0.0013104,0.00048358,0.40516,0.75847,0,1,89.404,89.404,0,0
0.64165,1.2383e-14,1.9518e-16,0.0014578,0.00045933,0.49672,0.71936,0,1,89.528,89.528,0,0
0.71601,1.3818e-14,2.178e-16,0.0016298,0.00045262,0.60395,0.66878,0,1,89.652,89.652,0,0
0.79959,1.5431e-14,2.4322e-16,0.0018278,0.00046764,0.72251,0.60541,0,1,89.776,89.776,0,0
0.88954,1.7167e-14,2.7058e-16,0.0020517,0.00051173,0.84443,0.5295,0,1,89.9,89.9,0,0
0.98081,1.8928e-14,2.9835e-16,0.0023099,0.00059711,0.95959,0.4439,0,1,90.024,90.024,0,0
1.0703,2.0655e-14,3.2556e-16,0.0026068,0.00073848,1.0627,0.35107,0,1,90.148,90.148,0,0
1.1512,2.2217e-14,3.5018e-16,0.0028967,0.00093038,1.1454,0.25945,0,1,90.272,90.272,0,0
1.2221,2.3584e-14,3.7173e-16,0.0031793,0.0011885,1.2108,0.17381,0,1,90.396,90.396,0,0
1.2813,2.4727e-14,3.8975e-16,0.0034485,0.0015409,1.2616,0.098924,0,1,90.52,90.52,0,0
1.3294,2.5655e-14,4.0437e-16,0.003703,0.0020115,1.3022,0.036516,0,1,90.644,90.644,0,0
1.367,2.6381e-14,4.1581e-16,0.003946,0.0026393,1.3358,-0.013388,0,1,90.768,90.768,0,0
1.3959,2.6939e-14,4.2461e-16,0.004181,0.0030589,1.3655,-0.052562,0,1,90.892,90.892,0,0
1.4176,2.7359e-14,4.3123e-16,0.0044086,0.0031658,1.3925,-0.082272,0,1,91.016,91.016,0,0
1.4336,2.7666e-14,4.3608e-16,0.0046339,0.0032665,1.4186,-0.10398,0,1,91.14,91.14,0,0
1.445,2.7887e-14,4.3955e-16,0.0048578,0.0033625,1.4446,-0.11925,0,1,91.264,91.264,0,0
1.453,2.8042e-14,4.4199e-16,0.0050872,0.0034953,1.4555,-0.12958,0,1,91.388,91.388,0,0
1.4585,2.8146e-14,4.4364e-16,0.0052634,0.0036077,1.4589,-0.13622,0,1,91.512,91.512,0,0
1.462,2.8214e-14,4.4471e-16,0.0053218,0.0036541,1.4564,-0.14016,0,1,91.636,91.636,0,0
1.464,2.8254e-14,4.4533e-16,0.0053189,0.0036468,1.4585,-0.14209,0,1,91.76,91.76,0,0
1.4649,2.827e-14,4.4559e-16,0.0052884,0.0036328,1.4557,-0.14235,0,1,91.884,91.884,0,0
1.4648,2.827e-14,4.4558e-16,0.0052691,0.003625,1.4536,-0.14139,0,1,92.008,92.008,0,0
1.4641,2.8256e-14,4.4537e-16,0.0052917,0.0036459,1.4514,-0.13947,0,1,92.132,92.132,0,0
1.4629,2.8232e-14,4.4498e-16,0.0053101,0.003658,1.4516,-0.13672,0,1,92.256,92.256,0,0
1.4612,2.8199e-14,4.4448e-16,0.0053261,0.0036754,1.4491,-0.1334,0,1,92.38,92.38,0,0
1.4592,2.8161e-14,4.4387e-16,0.0053109,0.0036822,1.4423,-0.1296,0,1,92.504,92.504,0,0
1.4569,2.8117e-14,4.4318e-16,0.0052837,0.0036801,1.4358,-0.12547,0,1,92.628,92.628,0,0
1.4545,2.807e-14,4.4244e-16,0.0052417,0.003642,1.4393,-0.12109,0,1,92.752,92.752,0,0
1.4519,2.802e-14,4.4165e-16,0.0052301,0.0036305,1.4406,-0.1165,0,1,92.876,92.876,0,0
1.4492,2.7968e-14,4.4083e-16,0.0052451,0.003639,1.4414,-0.11179,0,1,93,93,0,0
1.4465,2.7915e-14,4.3999e-16,0.0052346,0.0036242,1.4443,-0.10698,0,1,93.124,93.124,0,0
1.4436,2.786e-14,4.3913e-16,0.0052427,0.0036365,1.4417,-0.1021,0,1,93.248,93.248,0,0
1.4408,2.7805e-14,4.3826e-16,0.0052117,0.003641,1.4314,-0.097184,0,1,93.372,93.372,0,0
1.4379,2.775e-14,4.3739e-16,0.0051751,0.0036387,1.4222,-0.092254,0,1,93.496,93.496,0,0
1.435,2.7694e-14,4.3652e-16,0.0051671,0.0036431,1.4183,-0.087323,0,1,93.62,93.62,0,0
1.4322,2.7639e-14,4.3564e-16,0.00517,0.0036584,1.4132,-0.082402,0,1,93.744,93.744,0,0
1.4293,2.7584e-14,4.3478e-16,0.0051552,0.0036635,1.4072,-0.077506,0,1,93.868,93.868,0,0
1.4265,2.753e-14,4.3392e-16,0.0051776,0.0036945,1.4015,-0.072647,0,1,93.992,93.992,0,0
1.4237,2.7476e-14,4.3307e-16,0.0052014,0.0037535,1.3858,-0.067839,0,1,94.116,94.116,0,0
1.421,2.7423e-14,4.3224e-16,0.0051733,0.0037955,1.3631,-0.063086,0,1,94.24,94.24,0,0
1.4183,2.7371e-14,4.3141e-16,0.00511,0.0038258,1.3357,-0.058395,0,1,94.364,94.364,0,0
1.4156,2.7319e-14,4.3061e-16,0.0050283,0.0038514,1.3056,-0.053772,0,1,94.488,94.488,0,0
1.413,2.7269e-14,4.2981e-16,0.0049371,0.0038747,1.2743,-0.04922,0,1,94.612,94.612,0,0
1.4104,2.722e-14,4.2903e-16,0.0048418,0.003896,1.2428,-0.044744,0,1,94.736,94.736,0,0
1.4079,2.7171e-14,4.2827e-16,0.0047462,0.0039149,1.2124,-0.040353,0,1,94.86,94.86,0,0
1.4055,2.7124e-14,4.2752e-16,0.0046529,0.0039306,1.1838,-0.036053,0,1,94.984,94.984,0,0
1.4031,2.7077e-14,4.2679e-16,0.0045635,0.0039424,1.1576,-0.031843,0,1,95.108,95.108,0,0
1.4007,2.7032e-14,4.2608e-16,0.0044785,0.0039494,1.134,-0.027724,0,1,95.232,95.232,0,0
1.3984,2.6988e-14,4.2538e-16,0.0043985,0.0039516,1.1131,-0.023697,0,1,95.356,95.356,0,0
1.3962,2.6945e-14,4.247e-16,0.0043236,0.0039492,1.0948,-0.019761,0,1,95.48,95.48,0,0
1.394,2.6903e-14,4.2404e-16,0.0042537,0.0039426,1.0789,-0.015916,0,1,95.604,95.604,0,0
1.3919,2.6861e-14,4.2338e-16,0.0041887,0.0039325,1.0651,-0.01216,0,1,95.728,95.728,0,0
1.3898,2.6821e-14,4.2275e-16,0.0041287,0.0039195,1.0534,-0.008499,0,1,95.852,95.852,0,0
1.3878,2.6782e-14,4.2213e-16,0.004074,0.0039039,1.0435,-0.0049476,0,1,95.976,95.976,0,0
1.3858,2.6744e-14,4.2153e-16,0.0040234,0.0038868,1.0351,-0.0014875,0,1,96.1,96.1,0,0
1.3839,2.6707e-14,4.2095e-16,0.0039764,0.0038687,1.0278,0.0018835,0,1,96.224,96.224,0,0
1.382,2.6671e-14,4.2038e-16,0.0039327,0.0038499,1.0215,0.0051678,0,1,96.348,96.348,0,0
1.3802,2.6635e-14,4.1983e-16,0.0038928,0.0038308,1.0162,0.0083499,0,1,96.472,96.472,0,0
1.3784,2.6602e-14,4.1929e-16,0.0038561,0.0038115,1.0117,0.011431,0,1,96.596,96.596,0,0
1.3767,2.6569e-14,4.1877e-16,0.0038217,0.0037923,1.0077,0.014434,0,1,96.72,96.72,0,0
1.375,2.6536e-14,4.1826e-16,0.0037895,0.0037734,1.0043,0.01736,0,1,96.844,96.844,0,0
1.3734,2.6505e-14,4.1777e-16,0.0037597,0.0037549,1.0013,0.020184,0,1,96.968,96.968,0,0
1.3719,2.6475e-14,4.173e-16,0.003732,0.0037371,0.99861,0.022912,0,1,97.092,97.092,0,0
1.3704,2.6446e-14,4.1684e-16,0.0037055,0.0037195,0.99623,0.025566,0,1,97.216,97.216,0,0
1.3689,2.6418e-14,4.164e-16,0.0036804,0.003702,0.99417,0.028137,0,1,97.34,97.34,0,0
1.3675,2.6391e-14,4.1597e-16,0.003657,0.0036849,0.99242,0.030593,0,1,97.464,97.464,0,0
1.3661,2.6365e-14,4.1556e-16,0.0036343,0.0036677,0.99091,0.032983,0,1,97.588,97.588,0,0
1.3648,2.6339e-14,4.1516e-16,0.0036125,0.0036502,0.98965,0.035304,0,1,97.712,97.712,0,0
1.3636,2.6315e-14,4.1478e-16,0.0035918,0.0036332,0.98859,0.037514,0,1,97.836,97.836,0,0
1.3623,2.6291e-14,4.144e-16,0.0035715,0.0036161,0.98766,0.039668,0,1,97.96,97.96,0,0
1.3612,2.6269e-14,4.1404e-16,0.0035518,0.003599,0.9869,0.041753,0,1,98.084,98.084,0,0
1.36,2.6247e-14,4.137e-16,0.0035328,0.0035804,0.98671,0.043738,0,1,98.208,98.208,0,0
1.3589,2.6226e-14,4.1337e-16,0.0035138,0.0035612,0.9867,0.045695,0,1,98.332,98.332,0,0
1.3578,2.6205e-14,4.1303e-16,0.0034948,0.0035413,0.98687,0.04762,0,1,98.456,98.456,0,0
1.3568,2.6185e-14,4.1273e-16,0.0034774,0.0035233,0.98699,0.049366,0,1,98.58,98.58,0,0
1.3559,2.6167e-14,4.1245e-16,0.0034609,0.0035062,0.98708,0.051014,0,1,98.704,98.704,0,0
1.355,2.6149e-14,4.1216e-16,0.0034444,0.0034891,0.98719,0.052639,0,1,98.828,98.828,0,0
1.3541,2.6132e-14,4.1189e-16,0.003428,0.0034718,0.98736,0.05419,0,1,98.952,98.952,0,0
1.3532,2.6115e-14,4.1162e-16,0.0034116,0.0034546,0.98754,0.055741,0,1,99.076,99.076,0,0
1.3524,2.6099e-14,4.1137e-16,0.003396,0.0034375,0.98792,0.057166,0,1,99.2,99.2,0,0
1.3516,2.6084e-14,4.1113e-16,0.0033806,0.0034205,0.98835,0.05856,0,1,99.324,99.324,0,0
1.3508,2.6068e-14,4.1089e-16,0.0033656,0.0034038,0.98876,0.059899,0,1,99.448,99.448,0,0
1.3501,2.6054e-14,4.1067e-16,0.003351,0.0033878,0.98915,0.061152,0,1,99.572,99.572,0,0
1.3493,2.604e-14,4.1044e-16,0.0033365,0.0033718,0.98953,0.062404,0,1,99.696,99.696,0,0
1.3487,2.6027e-14,4.1024e-16,0.0033228,0.0033566,0.98996,0.063529,0,1,99.82,99.82,0,0
1.348,2.6014e-14,4.1004e-16,0.0033093,0.0033414,0.99039,0.06465,0,1,99.944,99.944,0,0
1.3474,2.6002e-14,4.0985e-16,0.0032965,0.0033265,0.99097,0.065702,0,1,100.07,100.07,0,0
1.3468,2.5991e-14,4.0966e-16,0.0032843,0.0033119,0.99168,0.066699,0,1,100.19,100.19,0,0
1.3462,2.5979e-14,4.0948e-16,0.0032723,0.0032972,0.99244,0.067681,0,1,100.32,100.32,0,0
1.3456,2.5968e-14,4.0931e-16,0.0032609,0.0032822,0.99354,0.068564,0,1,100.44,100.44,0,0
1.3451,2.5958e-14,4.0915e-16,0.0032496,0.0032672,0.99463,0.069447,0,1,100.56,100.56,0,0
1.3445,2.5948e-14,4.0899e-16,0.0032397,0.003253,0.99593,0.070256,0,1,100.69,100.69,0,0
1.344,2.5938e-14,4.0884e-16,0.0032303,0.0032391,0.99731,0.071035,0,1,100.81,100.81,0,0
1.3435,2.5929e-14,4.0869e-16,0.0032215,0.0032255,0.99876,0.071786,0,1,100.94,100.94,0,0
1.3431,2.592e-14,4.0854e-16,0.003214,0.0032128,1.0004,0.072469,0,1,101.06,101.06,0,0
1.3426,2.5911e-14,4.084e-16,0.0032065,0.0032001,1.002,0.073152,0,1,101.18,101.18,0,0
1.3422,2.5902e-14,4.0827e-16,0.0032002,0.003188,1.0039,0.073758,0,1,101.31,101.31,0,0
1.3418,2.5894e-14,4.0814e-16,0.0031942,0.003176,1.0057,0.074352,0,1,101.43,101.43,0,0
1.3413,2.5886e-14,4.0802e-16,0.0031889,0.0031646,1.0077,0.074908,0,1,101.56,101.56,0,0
1.3409,2.5879e-14,4.079e-16,0.0031845,0.003154,1.0097,0.075419,0,1,101.68,101.68,0,0
1.3406,2.5871e-14,4.0778e-16,0.0031802,0.0031433,1.0117,0.075927,0,1,101.8,101.8,0,0
1.3402,2.5864e-14,4.0766e-16,0.0031768,0.0031334,1.0139,0.076361,0,1,101.93,101.93,0,0
1.3398,2.5856e-14,4.0755e-16,0.0031735,0.0031235,1.016,0.076795,0,1,102.05,102.05,0,0
1.3394,2.5849e-14,4.0744e-16,0.0031697,0.0031126,1.0184,0.077188,0,1,102.18,102.18,0,0
1.3391,2.5843e-14,4.0733e-16,0.0031658,0.0031012,1.0209,0.077554,0,1,102.3,102.3,0,0
1.3387,2.5836e-14,4.0722e-16,0.0031622,0.00309,1.0234,0.077907,0,1,102.42,102.42,0,0
1.3384,2.5829e-14,4.0712e-16,0.0031603,0.0030799,1.0261,0.078211,0,1,102.55,102.55,0,0
1.338,2.5822e-14,4.0701e-16,0.0031584,0.0030698,1.0289,0.078515,0,1,102.67,102.67,0,0
1.3377,2.5816e-14,4.0691e-16,0.0031586,0.003063,1.0312,0.078774,0,1,102.8,102.8,0,0
1.3374,2.581e-14,4.0681e-16,0.0031595,0.0030573,1.0335,0.079019,0,1,102.92,102.92,0,0
1.337,2.5803e-14,4.0671e-16,0.0031605,0.0030516,1.0357,0.079245,0,1,103.04,103.04,0,0
1.3367,2.5797e-14,4.0661e-16,0.0031616,0.0030462,1.0379,0.079434,0,1,103.17,103.17,0,0
1.3364,2.5791e-14,4.0651e-16,0.0031627,0.0030408,1.0401,0.079623,0,1,103.29,103.29,0,0
1.3361,2.5784e-14,4.0641e-16,0.0031639,0.0030331,1.0431,0.079764,0,1,103.42,103.42,0,0
1.3357,2.5778e-14,4.0631e-16,0.0031651,0.0030253,1.0462,0.079901,0,1,103.54,103.54,0,0
1.3354,2.5772e-14,4.0621e-16,0.0031678,0.0030206,1.0487,0.080012,0,1,103.66,103.66,0,0
1.3351,2.5765e-14,4.0611e-16,0.0031717,0.0030189,1.0506,0.0801,0,1,103.79,103.79,0,0
1.3348,2.5759e-14,4.0601e-16,0.0031759,0.0030177,1.0524,0.080184,0,1,103.91,103.91,0,0
1.3344,2.5753e-14,4.0591e-16,0.0031829,0.0030217,1.0534,0.080226,0,1,104.04,104.04,0,0
1.3341,2.5746e-14,4.0581e-16,0.0031899,0.0030256,1.0543,0.080267,0,1,104.16,104.16,0,0
1.3338,2.574e-14,4.0571e-16,0.0031989,0.0030294,1.0559,0.08028,0,1,104.28,104.28,0,0
1.3334,2.5733e-14,4.056e-16,0.0032089,0.0030332,1.0579,0.080279,0,1,104.41,104.41,0,0
1.3331,2.5727e-14,4.055e-16,0.0032196,0.0030373,1.06,0.080268,0,1,104.53,104.53,0,0
1.3327,2.572e-14,4.0539e-16,0.0032324,0.003042,1.0626,0.080227,0,1,104.66,104.66,0,0
1.3324,2.5713e-14,4.0529e-16,0.0032451,0.0030467,1.0651,0.080187,0,1,104.78,104.78,0,0
1.332,2.5706e-14,4.0517e-16,0.0032599,0.0030525,1.0679,0.080117,0,1,104.9,104.9,0,0
1.3316,2.5699e-14,4.0506e-16,0.0032752,0.0030585,1.0708,0.080042,0,1,105.03,105.03,0,0
1.3312,2.5691e-14,4.0495e-16,0.0032914,0.0030652,1.0738,0.079953,0,1,105.15,105.15,0,0
1.3309,2.5684e-14,4.0483e-16,0.003309,0.0030728,1.0768,0.079845,0,1,105.28,105.28,0,0
1.3305,2.5676e-14,4.0471e-16,0.0033265,0.0030804,1.0799,0.079738,0,1,105.4,105.4,0,0
1.33,2.5668e-14,4.0458e-16,0.0033469,0.0030903,1.083,0.0796,0,1,105.52,105.52,0,0
1.3296,2.566e-14,4.0445e-16,0.0033673,0.0031001,1.0862,0.079463,0,1,105.65,105.65,0,0
1.3292,2.5652e-14,4.0432e-16,0.0033892,0.0031112,1.0893,0.079307,0,1,105.77,105.77,0,0
1.3288,2.5643e-14,4.0419e-16,0.003412,0.0031232,1.0924,0.079139,0,1,105.9,105.9,0,0
1.3283,2.5635e-14,4.0405e-16,0.0034353,0.0031356,1.0955,0.078966,0,1,106.02,106.02,0,0
1.3278,2.5626e-14,4.0391e-16,0.003461,0.0031501,1.0986,0.078767,0,1,106.14,106.14,0,0
1.3274,2.5617e-14,4.0377e-16,0.0034867,0.0031647,1.1017,0.078569,0,1,106.27,106.27,0,0
1.3269,2.5607e-14,4.0362e-16,0.0035144,0.0031811,1.1047,0.07835,0,1,106.39,106.39,0,0
1.3264,2.5598e-14,4.0347e-16,0.0035428,0.0031981,1.1078,0.078124,0,1,106.52,106.52,0,0
1.3259,2.5588e-14,4.0332e-16,0.0035721,0.0032159,1.1107,0.07789,0,1,106.64,106.64,0,0
1.3254,2.5578e-14,4.0316e-16,0.003603,0.0032353,1.1136,0.077637,0,1,106.76,106.76,0,0
1.3248,2.5568e-14,4.0299e-16,0.003634,0.0032547,1.1165,0.077385,0,1,106.89,106.89,0,0
1.3243,2.5557e-14,4.0282e-16,0.0036672,0.0032763,1.1193,0.077111,0,1,107.01,107.01,0,0
1.3237,2.5546e-14,4.0265e-16,0.0037008,0.0032982,1.122,0.076835,0,1,107.14,107.14,0,0
1.3231,2.5535e-14,4.0248e-16,0.0037352,0.003321,1.1247,0.076548,0,1,107.26,107.26,0,0
1.3225,2.5523e-14,4.023e-16,0.0037707,0.0033449,1.1273,0.07625,0,1,107.38,107.38,0,0
1.3219,2.5512e-14,4.0211e-16,0.0038063,0.0033689,1.1298,0.075951,0,1,107.51,107.51,0,0
1.3213,2.5499e-14,4.0192e-16,0.0038441,0.0033953,1.1321,0.075633,0,1,107.63,107.63,0,0
1.3207,2.5487e-14,4.0173e-16,0.0038818,0.0034216,1.1345,0.075315,0,1,107.76,107.76,0,0
1.32,2.5474e-14,4.0153e-16,0.0039202,0.0034489,1.1366,0.074985,0,1,107.88,107.88,0,0
1.3193,2.5462e-14,4.0132e-16,0.0039588,0.0034766,1.1386,0.074649,0,1,108,108,0,0
1.3187,2.5448e-14,4.0112e-16,0.0039978,0.0035049,1.1406,0.07431,0,1,108.13,108.13,0,0
1.3179,2.5435e-14,4.009e-16,0.0040381,0.0035348,1.1424,0.073958,0,1,108.25,108.25,0,0
1.3172,2.5421e-14,4.0068e-16,0.0040784,0.0035647,1.1441,0.073607,0,1,108.38,108.38,0,0
1.3165,2.5407e-14,4.0046e-16,0.0041187,0.0035952,1.1456,0.073244,0,1,108.5,108.5,0,0
1.3158,2.5392e-14,4.0023e-16,0.0041589,0.0036259,1.147,0.072877,0,1,108.62,108.62,0,0
1.315,2.5378e-14,4e-16,0.0041995,0.0036572,1.1482,0.072505,0,1,108.75,108.75,0,0
1.3142,2.5363e-14,3.9976e-16,0.0042406,0.0036896,1.1493,0.072123,0,1,108.87,108.87,0,0
1.3134,2.5347e-14,3.9952e-16,0.0042818,0.0037219,1.1504,0.071741,0,1,109,109,0,0
1.3126,2.5332e-14,3.9928e-16,0.0043227,0.0037549,1.1512,0.071343,0,1,109.12,109.12,0,0
1.3118,2.5316e-14,3.9903e-16,0.0043636,0.003788,1.1519,0.070944,0,1,109.24,109.24,0,0
1.311,2.53e-14,3.9877e-16,0.0044046,0.0038216,1.1525,0.070537,0,1,109.37,109.37,0,0
1.3101,2.5283e-14,3.9852e-16,0.0044456,0.0038556,1.153,0.070122,0,1,109.49,109.49,0,0
1.3093,2.5267e-14,3.9826e-16,0.0044867,0.0038898,1.1535,0.069706,0,1,109.62,109.62,0,0
1.3084,2.525e-14,3.9799e-16,0.0045279,0.003925,1.1536,0.069278,0,1,109.74,109.74,0,0
1.3075,2.5233e-14,3.9772e-16,0.0045691,0.0039601,1.1538,0.06885,0,1,109.86,109.86,0,0
1.3066,2.5215e-14,3.9744e-16,0.0046104,0.0039957,1.1538,0.068413,0,1,109.99,109.99,0,0
1.3057,2.5198e-14,3.9716e-16,0.0046517,0.0040315,1.1538,0.067973,0,1,110.11,110.11,0,0
1.3047,2.518e-14,3.9688e-16,0.0046933,0.0040672,1.1539,0.067529,0,1,110.24,110.24,0,0
1.3038,2.5162e-14,3.966e-16,0.0047354,0.0041029,1.1541,0.067077,0,1,110.36,110.36,0,0
1.3029,2.5143e-14,3.9631e-16,0.0047775,0.0041386,1.1544,0.066625,0,1,110.48,110.48,0,0
1.3019,2.5125e-14,3.9601e-16,0.0048201,0.0041748,1.1546,0.066163,0,1,110.61,110.61,0,0
1.3009,2.5106e-14,3.9572e-16,0.0048628,0.004211,1.1548,0.065699,0,1,110.73,110.73,0,0
1.2999,2.5087e-14,3.9542e-16,0.004906,0.0042483,1.1548,0.065229,0,1,110.86,110.86,0,0
1.2989,2.5068e-14,3.9511e-16,0.0049498,0.004287,1.1546,0.064754,0,1,110.98,110.98,0,0
1.2979,2.5048e-14,3.9481e-16,0.0049936,0.0043257,1.1544,0.064279,0,1,111.1,111.1,0,0
1.2969,2.5029e-14,3.945e-16,0.0050382,0.0043657,1.1541,0.063794,0,1,111.23,111.23,0,0
1.2959,2.5009e-14,3.9419e-16,0.0050828,0.0044057,1.1537,0.06331,0,1,111.35,111.35,0,0
1.2948,2.4989e-14,3.9387e-16,0.0051277,0.0044459,1.1534,0.06282,0,1,111.48,111.48,0,0
1.2938,2.4968e-14,3.9355e-16,0.0051729,0.0044862,1.1531,0.062327,0,1,111.6,111.6,0,0
1.2927,2.4948e-14,3.9323e-16,0.005218,0.0045266,1.1527,0.061832,0,1,111.72,111.72,0,0
1.2916,2.4927e-14,3.929e-16,0.0052631,0.0045672,1.1524,0.06133,0,1,111.85,111.85,0,0
1.2906,2.4906e-14,3.9257e-16,0.0053082,0.0046078,1.152,0.060829,0,1,111.97,111.97,0,0
1.2895,2.4885e-14,3.9224e-16,0.0053532,0.0046487,1.1515,0.060318,0,1,112.1,112.1,0,0
1.2884,2.4864e-14,3.9191e-16,0.0053981,0.0046898,1.151,0.059805,0,1,112.22,112.22,0,0
1.2873,2.4843e-14,3.9158e-16,0.0054427,0.0047309,1.1505,0.059288,0,1,112.34,112.34,0,0
1.2862,2.4822e-14,3.9124e-16,0.0054867,0.0047723,1.1497,0.058764,0,1,112.47,112.47,0,0
1.2851,2.48e-14,3.909e-16,0.0055308,0.0048137,1.149,0.05824,0,1,112.59,112.59,0,0
1.2839,2.4778e-14,3.9056e-16,0.0055742,0.0048553,1.1481,0.057706,0,1,112.72,112.72,0,0
1.2828,2.4757e-14,3.9021e-16,0.0056176,0.004897,1.1472,0.057171,0,1,112.84,112.84,0,0
1.2817,2.4735e-14,3.8987e-16,0.0056605,0.0049387,1.1462,0.056632,0,1,112.96,112.96,0,0
1.2805,2.4713e-14,3.8952e-16,0.0057027,0.0049804,1.1451,0.056088,0,1,113.09,113.09,0,0
1.2794,2.4691e-14,3.8917e-16,0.0057449,0.0050222,1.1439,0.055544,0,1,113.21,113.21,0,0
1.2782,2.4668e-14,3.8882e-16,0.0057865,0.0050645,1.1426,0.054994,0,1,113.34,113.34,0,0
1.2771,2.4646e-14,3.8847e-16,0.005828,0.0051069,1.1412,0.054444,0,1,113.46,113.46,0,0
1.2759,2.4624e-14,3.8812e-16,0.005869,0.0051499,1.1397,0.053889,0,1,113.58,113.58,0,0
1.2748,2.4602e-14,3.8777e-16,0.0059098,0.0051932,1.138,0.053332,0,1,113.71,113.71,0,0
1.2736,2.4579e-14,3.8741e-16,0.0059504,0.0052369,1.1363,0.052774,0,1,113.83,113.83,0,0
1.2724,2.4556e-14,3.8706e-16,0.0059905,0.0052813,1.1343,0.052212,0,1,113.96,113.96,0,0
1.2713,2.4534e-14,3.867e-16,0.0060307,0.0053257,1.1324,0.05165,0,1,114.08,114.08,0,0
1.2701,2.4511e-14,3.8634e-16,0.0060703,0.0053711,1.1302,0.051083,0,1,114.2,114.2,0,0
1.2689,2.4488e-14,3.8599e-16,0.0061098,0.0054167,1.128,0.050515,0,1,114.33,114.33,0,0
1.2677,2.4466e-14,3.8563e-16,0.006149,0.0054625,1.1257,0.049945,0,1,114.45,114.45,0,0
1.2666,2.4443e-14,3.8527e-16,0.0061875,0.0055086,1.1233,0.049371,0,1,114.58,114.58,0,0
1.2654,2.442e-14,3.8491e-16,0.0062261,0.0055548,1.1209,0.048798,0,1,114.7,114.7,0,0
1.2642,2.4397e-14,3.8455e-16,0.0062639,0.0056013,1.1183,0.048218,0,1,114.82,114.82,0,0
1.263,2.4374e-14,3.8419e-16,0.0063016,0.0056479,1.1158,0.047639,0,1,114.95,114.95,0,0
1.2618,2.4351e-14,3.8383e-16,0.0063388,0.0056947,1.1132,0.047056,0,1,115.07,115.07,0,0
1.2606,2.4329e-14,3.8347e-16,0.0063755,0.0057416,1.1105,0.04647,0,1,115.2,115.2,0,0
1.2594,2.4306e-14,3.831e-16,0.006412,0.0057885,1.1078,0.045883,0,1,115.32,115.32,0,0
1.2583,2.4283e-14,3.8274e-16,0.0064475,0.0058353,1.105,0.045289,0,1,115.44,115.44,0,0
1.2571,2.426e-14,3.8238e-16,0.006483,0.0058821,1.1022,0.044696,0,1,115.57,115.57,0,0
1.2559,2.4237e-14,3.8202e-16,0.0065177,0.0059292,1.0993,0.044097,0,1,115.69,115.69,0,0
1.2547,2.4214e-14,3.8167e-16,0.0065521,0.0059763,1.0964,0.043496,0,1,115.82,115.82,0,0
1.2535,2.4192e-14,3.8131e-16,0.006586,0.0060234,1.0935,0.042894,0,1,115.94,115.94,0,0
1.2524,2.4169e-14,3.8095e-16,0.0066188,0.0060702,1.0904,0.042286,0,1,116.06,116.06,0,0
1.2512,2.4146e-14,3.8059e-16,0.0066516,0.006117,1.0874,0.041679,0,1,116.19,116.19,0,0
1.25,2.4124e-14,3.8024e-16,0.0066829,0.0061637,1.0843,0.041067,0,1,116.31,116.31,0,0
1.2489,2.4101e-14,3.7988e-16,0.006714,0.0062103,1.0812,0.040454,0,1,116.44,116.44,0,0
1.2477,2.4079e-14,3.7953e-16,0.006744,0.0062565,1.078,0.039838,0,1,116.56,116.56,0,0
1.2465,2.4057e-14,3.7918e-16,0.0067728,0.0063023,1.0747,0.03922,0,1,116.68,116.68,0,0
1.2454,2.4034e-14,3.7883e-16,0.0068015,0.006348,1.0715,0.038602,0,1,116.81,116.81,0,0
1.2442,2.4012e-14,3.7848e-16,0.0068282,0.0063933,1.0681,0.037979,0,1,116.93,116.93,0,0
1.2431,2.399e-14,3.7813e-16,0.006855,0.0064387,1.0647,0.037356,0,1,117.06,117.06,0,0
1.242,2.3968e-14,3.7779e-16,0.0068804,0.0064834,1.0613,0.036732,0,1,117.18,117.18,0,0
1.2408,2.3946e-14,3.7744e-16,0.006905,0.0065279,1.0578,0.036105,0,1,117.3,117.3,0,0
1.2397,2.3925e-14,3.771e-16,0.0069292,0.0065722,1.0544,0.035478,0,1,117.43,117.43,0,0
1.2386,2.3903e-14,3.7676e-16,0.0069519,0.0066162,1.0508,0.034848,0,1,117.55,117.55,0,0
1.2375,2.3881e-14,3.7642e-16,0.0069745,0.0066601,1.0473,0.034218,0,1,117.68,117.68,0,0
1.2364,2.386e-14,3.7608e-16,0.0069957,0.0067034,1.0437,0.033584,0,1,117.8,117.8,0,0
1.2353,2.3839e-14,3.7575e-16,0.0070165,0.0067465,1.0401,0.032949,0,1,117.92,117.92,0,0
1.2342,2.3818e-14,3.7541e-16,0.0070363,0.0067891,1.0365,0.032312,0,1,118.05,118.05,0,0
1.2331,2.3797e-14,3.7508e-16,0.0070546,0.006831,1.0328,0.031671,0,1,118.17,118.17,0,0
1.232,2.3776e-14,3.7475e-16,0.0070728,0.0068729,1.0291,0.031031,0,1,118.3,118.3,0,0
1.2309,2.3755e-14,3.7443e-16,0.0070888,0.0069138,1.0254,0.030385,0,1,118.42,118.42,0,0
1.2299,2.3735e-14,3.741e-16,0.0071047,0.0069547,1.0216,0.02974,0,1,118.54,118.54,0,0
1.2288,2.3714e-14,3.7378e-16,0.0071193,0.006995,1.0178,0.029091,0,1,118.67,118.67,0,0
1.2278,2.3694e-14,3.7347e-16,0.0071327,0.0070348,1.014,0.028441,0,1,118.79,118.79,0,0
1.2267,2.3674e-14,3.7315e-16,0.0071459,0.0070746,1.0101,0.02779,0,1,118.92,118.92,0,0
1.2257,2.3654e-14,3.7284e-16,0.0071577,0.007114,1.0062,0.027136,0,1,119.04,119.04,0,0
1.2247,2.3635e-14,3.7253e-16,0.0071696,0.0071534,1.0023,0.026481,0,1,119.16,119.16,0,0
1.2237,2.3615e-14,3.7222e-16,0.0071804,0.0071923,0.99839,0.025823,0,1,119.29,119.29,0,0
1.2227,2.3596e-14,3.7192e-16,0.0071907,0.0072312,0.99447,0.025164,0,1,119.41,119.41,0,0
1.2217,2.3577e-14,3.7162e-16,0.0072007,0.0072697,0.99056,0.024504,0,1,119.54,119.54,0,0
1.2207,2.3558e-14,3.7132e-16,0.0072098,0.0073076,0.98668,0.023841,0,1,119.66,119.66,0,0
1.2197,2.3539e-14,3.7102e-16,0.0072189,0.0073454,0.9828,0.023179,0,1,119.78,119.78,0,0
1.2188,2.3521e-14,3.7073e-16,0.0072266,0.0073819,0.97902,0.022514,0,1,119.91,119.91,0,0
1.2178,2.3502e-14,3.7044e-16,0.0072342,0.0074182,0.97524,0.021849,0,1,120.03,120.03,0,0
1.2169,2.3484e-14,3.7015e-16,0.0072411,0.0074533,0.97157,0.021183,0,1,120.16,120.16,0,0
1.2159,2.3466e-14,3.6987e-16,0.007247,0.0074868,0.96801,0.020517,0,1,120.28,120.28,0,0
1.215,2.3448e-14,3.6959e-16,0.0072529,0.0075203,0.96446,0.019851,0,1,120.4,120.4,0,0
1.2141,2.3431e-14,3.6931e-16,0.0072568,0.007551,0.96108,0.019184,0,1,120.53,120.53,0,0
1.2132,2.3413e-14,3.6903e-16,0.0072607,0.0075816,0.95771,0.018516,0,1,120.65,120.65,0,0
1.2123,2.3396e-14,3.6876e-16,0.0072634,0.0076099,0.95449,0.017847,0,1,120.78,120.78,0,0
1.2114,2.3379e-14,3.6849e-16,0.0072652,0.0076368,0.95137,0.017176,0,1,120.9,120.9,0,0
1.2105,2.3362e-14,3.6823e-16,0.0072666,0.0076631,0.94827,0.016505,0,1,121.02,121.02,0,0
1.2097,2.3345e-14,3.6797e-16,0.0072661,0.0076871,0.94525,0.01583,0,1,121.15,121.15,0,0
1.2088,2.3329e-14,3.6771e-16,0.0072656,0.0077112,0.94224,0.015155,0,1,121.27,121.27,0,0
1.208,2.3313e-14,3.6746e-16,0.0072643,0.0077335,0.93935,0.014477,0,1,121.4,121.4,0,0
1.2072,2.3297e-14,3.672e-16,0.0072627,0.0077553,0.93651,0.013799,0,1,121.52,121.52,0,0
1.2064,2.3281e-14,3.6696e-16,0.0072609,0.0077768,0.93368,0.013118,0,1,121.64,121.64,0,0
1.2056,2.3266e-14,3.6671e-16,0.0072584,0.0077978,0.93085,0.012436,0,1,121.77,121.77,0,0
1.2048,2.325e-14,3.6647e-16,0.007256,0.0078189,0.92802,0.011753,0,1,121.89,121.89,0,0
1.204,2.3235e-14,3.6623e-16,0.0072525,0.0078382,0.9253,0.011068,0,1,122.02,122.02,0,0
1.2032,2.322e-14,3.66e-16,0.007249,0.0078574,0.92257,0.010382,0,1,122.14,122.14,0,0
1.2024,2.3206e-14,3.6577e-16,0.0072443,0.0078756,0.91985,0.0096946,0,1,122.26,122.26,0,0
1.2017,2.3191e-14,3.6554e-16,0.0072385,0.0078929,0.91711,0.0090059,0,1,122.39,122.39,0,0
1.2009,2.3177e-14,3.6531e-16,0.0072327,0.0079099,0.91439,0.0083172,0,1,122.51,122.51,0,0
1.2002,2.3163e-14,3.6509e-16,0.0072256,0.0079252,0.91174,0.007628,0,1,122.64,122.64,0,0
1.1995,2.3149e-14,3.6487e-16,0.0072185,0.0079404,0.90909,0.0069387,0,1,122.76,122.76,0,0
1.1988,2.3135e-14,3.6465e-16,0.0072097,0.0079538,0.90645,0.0062482,0,1,122.88,122.88,0,0
1.1981,2.3121e-14,3.6443e-16,0.0072001,0.0079664,0.90382,0.0055571,0,1,123.01,123.01,0,0
1.1974,2.3108e-14,3.6422e-16,0.0071902,0.0079786,0.90119,0.00487,0,1,123.13,123.13,0,0
1.1967,2.3095e-14,3.6402e-16,0.0071794,0.0079895,0.89862,0.0041948,0,1,123.26,123.26,0,0
1.1961,2.3083e-14,3.6383e-16,0.0071686,0.0080004,0.89604,0.0035196,0,1,123.38,123.38,0,0
1.1953,2.3068e-14,3.636e-16,0.0071554,0.008008,0.89354,0.0028058,0,1,123.5,123.5,0,0
1.1945,2.3053e-14,3.6336e-16,0.0071417,0.0080149,0.89105,0.0020847,0,1,123.63,123.63,0,0
1.1939,2.304e-14,3.6316e-16,0.0071297,0.0080201,0.88898,0.0014512,0,1,123.75,123.75,0,0
1.1934,2.3031e-14,3.6301e-16,0.0071201,0.0080227,0.88749,0.00093911,0,1,123.88,123.88,0,0
1.1929,2.3021e-14,3.6286e-16,0.0071105,0.0080254,0.88599,0.00042704,0,1,124,124,0,0
